season,player,team,pos,g,mp,fg_percent,x3p_percent,x2p_percent,e_fg_percent,ft_percent
2021,Zion Williamson,NOP,PF,61,2026.0,0.611,0.294,0.622,0.616,0.698
2025,Dejounte Murray,NOP,PG,31,1012.0,0.393,0.299,0.444,0.445,0.823
2024,Herbert Jones,NOP,SF,76,2321.0,0.498,0.418,0.568,0.595,0.867
2024,Dyson Daniels,NOP,PG,61,1358.0,0.447,0.311,0.551,0.514,0.642
2021,Jaxson Hayes,NOP,C,60,964.0,0.625,0.429,0.635,0.636,0.775
2020,Nicolò Melli,NOP,C,60,1042.0,0.421,0.335,0.573,0.528,0.74
2022,Gary Clark,NOP,PF,38,378.0,0.375,0.4,0.278,0.534,0.7
2024,Jordan Hawkins,NOP,SG,67,1160.0,0.382,0.366,0.411,0.501,0.838
2023,Herbert Jones,NOP,PF,66,1951.0,0.469,0.335,0.536,0.525,0.764
2022,Trey Murphy III,NOP,SF,62,864.0,0.394,0.382,0.418,0.522,0.882
2021,Naji Marshall,NOP,SF,32,700.0,0.392,0.349,0.421,0.462,0.707
2023,Jose Alvarado,NOP,PG,61,1310.0,0.411,0.336,0.488,0.496,0.813
2024,Jonas Valančiūnas,NOP,C,82,1925.0,0.559,0.308,0.609,0.585,0.785
2023,Kira Lewis Jr.,NOP,PG,25,235.0,0.455,0.441,0.463,0.54,0.864
2022,Naji Marshall,NOP,SF,55,735.0,0.405,0.2,0.537,0.444,0.796
2020,E'Twaun Moore,NOP,SG,56,1020.0,0.426,0.377,0.456,0.498,0.689
2020,Jrue Holiday,NOP,SG,61,2117.0,0.455,0.353,0.509,0.516,0.709
2023,Larry Nance Jr.,NOP,C,65,1381.0,0.61,0.333,0.654,0.633,0.696
2021,Josh Hart,NOP,SF,47,1349.0,0.439,0.326,0.583,0.531,0.775
2021,Brandon Ingram,NOP,SF,61,2093.0,0.466,0.381,0.51,0.531,0.878
2023,Jonas Valančiūnas,NOP,C,79,1968.0,0.547,0.349,0.577,0.57,0.826
2022,Brandon Ingram,NOP,SF,55,1869.0,0.461,0.327,0.501,0.498,0.826
2025,Jeremiah Robinson-Earl,NOP,PF,66,1239.0,0.455,0.341,0.557,0.536,0.836
2023,Garrett Temple,NOP,SG,25,162.0,0.4,0.423,0.368,0.522,0.75
2020,Zion Williamson,NOP,PF,24,668.0,0.583,0.429,0.59,0.592,0.64
2025,Antonio Reeves,NOP,SG,44,660.0,0.456,0.395,0.521,0.558,0.8
2020,Lonzo Ball,NOP,PG,63,2025.0,0.403,0.375,0.442,0.511,0.566
2024,Larry Nance Jr.,NOP,C,61,1216.0,0.573,0.415,0.631,0.629,0.77
2022,Jaxson Hayes,NOP,C,70,1398.0,0.616,0.351,0.66,0.641,0.766
2021,Nickeil Alexander-Walker,NOP,SG,46,1007.0,0.419,0.347,0.485,0.502,0.727
2021,Steven Adams,NOP,C,58,1605.0,0.614,0.0,0.62,0.614,0.444
2020,Kenrich Williams,NOP,PF,39,832.0,0.347,0.258,0.52,0.432,0.346
2021,Eric Bledsoe,NOP,SG,71,2111.0,0.421,0.341,0.496,0.503,0.687
2025,Jaylen Nowell,NOP,SG,8,168.0,0.356,0.296,0.391,0.411,0.636
2024,Naji Marshall,NOP,SF,66,1257.0,0.463,0.387,0.516,0.542,0.791
2025,Brandon Boston Jr.,NOP,SG,42,993.0,0.436,0.35,0.485,0.5,0.788
2023,Dyson Daniels,NOP,PG,59,1042.0,0.418,0.314,0.492,0.483,0.65
2022,Jonas Valančiūnas,NOP,C,74,2240.0,0.544,0.361,0.581,0.574,0.82
2025,Yves Missi,NOP,C,73,1956.0,0.547,0.0,0.548,0.547,0.623
2022,Devonte' Graham,NOP,PG,76,2162.0,0.363,0.341,0.413,0.481,0.843
2025,Keion Brooks Jr.,NOP,SF,14,332.0,0.486,0.326,0.591,0.55,0.733
2025,Trey Murphy III,NOP,SF,53,1854.0,0.454,0.361,0.556,0.548,0.887
2024,CJ McCollum,NOP,PG,66,2159.0,0.459,0.429,0.492,0.572,0.827
2021,Willy Hernangómez,NOP,C,47,846.0,0.563,0.1,0.581,0.565,0.667
2020,Josh Hart,NOP,SF,65,1755.0,0.423,0.342,0.584,0.537,0.739
2020,Kevin Knox,NYK,SF,65,1166.0,0.359,0.327,0.391,0.44,0.653
2020,RJ Barrett,NYK,SG,56,1704.0,0.402,0.32,0.432,0.445,0.614
2024,Donte DiVincenzo,NYK,SG,81,2360.0,0.443,0.401,0.542,0.584,0.754
2025,OG Anunoby,NYK,PF,74,2706.0,0.476,0.372,0.561,0.559,0.81
2021,Kevin Knox,NYK,SF,42,464.0,0.392,0.393,0.389,0.514,0.8
2025,Cameron Payne,NYK,PG,72,1090.0,0.401,0.363,0.453,0.506,0.907
2020,Kadeem Allen,NYK,PG,10,117.0,0.432,0.313,0.5,0.489,0.636
2025,Josh Hart,NYK,SG,77,2897.0,0.525,0.333,0.618,0.579,0.776
2021,RJ Barrett,NYK,SG,72,2511.0,0.441,0.401,0.457,0.499,0.746
2025,Ariel Hukporti,NYK,C,25,217.0,0.677,,0.677,0.677,0.462
2020,Wayne Ellington,NYK,SG,36,558.0,0.351,0.35,0.355,0.494,0.846
2025,Landry Shamet,NYK,SG,50,762.0,0.461,0.397,0.595,0.596,0.667
2024,Miles McBride,NYK,PG,68,1328.0,0.452,0.41,0.511,0.572,0.86
2020,Taj Gibson,NYK,C,62,1025.0,0.584,0.286,0.599,0.591,0.732
2021,Taj Gibson,NYK,C,45,936.0,0.627,0.2,0.671,0.636,0.727
2020,Mitchell Robinson,NYK,C,61,1412.0,0.742,,0.742,0.742,0.568
2025,Miles McBride,NYK,PG,64,1593.0,0.406,0.369,0.455,0.511,0.813
2025,Tyler Kolek,NYK,PG,41,296.0,0.329,0.298,0.371,0.415,0.765
2021,Immanuel Quickley,NYK,PG,64,1243.0,0.395,0.389,0.401,0.497,0.891
2025,Mitchell Robinson,NYK,C,17,290.0,0.661,,0.661,0.661,0.684
2020,Jaxson Hayes,NOP,C,64,1080.0,0.672,0.25,0.678,0.674,0.647
2023,Trey Murphy III,NOP,SF,79,2448.0,0.484,0.406,0.611,0.61,0.905
2025,Herbert Jones,NOP,SF,20,648.0,0.436,0.306,0.53,0.5,0.825
2020,Jahlil Okafor,NOP,C,30,467.0,0.623,0.333,0.629,0.627,0.645
2020,Brandon Ingram,NOP,PF,62,2104.0,0.463,0.391,0.501,0.531,0.851
2021,Kira Lewis Jr.,NOP,PG,54,904.0,0.386,0.333,0.415,0.445,0.843
2021,Wenyen Gabriel,NOP,PF,21,241.0,0.4,0.406,0.393,0.508,0.647
2024,Brandon Ingram,NOP,SF,64,2103.0,0.492,0.355,0.534,0.534,0.801
2022,Kira Lewis Jr.,NOP,PG,24,341.0,0.404,0.224,0.523,0.449,0.833
2020,Derrick Favors,NOP,C,51,1243.0,0.617,0.143,0.627,0.618,0.563
2024,Zion Williamson,NOP,PF,70,2207.0,0.57,0.333,0.574,0.573,0.702
2024,Jalen Brunson,NYK,PG,77,2726.0,0.479,0.401,0.516,0.543,0.847
2023,Naji Marshall,NOP,SF,77,1792.0,0.433,0.303,0.513,0.49,0.789
2023,CJ McCollum,NOP,PG,75,2649.0,0.437,0.389,0.469,0.515,0.769
2025,Jordan Hawkins,NOP,SG,56,1321.0,0.372,0.331,0.433,0.471,0.816
2022,Willy Hernangómez,NOP,C,50,839.0,0.52,0.333,0.527,0.526,0.773
2020,Frank Jackson,NOP,PG,59,797.0,0.405,0.326,0.465,0.476,0.747
2024,Cody Zeller,NOP,C,43,320.0,0.419,0.333,0.424,0.427,0.605
2024,Jose Alvarado,NOP,PG,56,1028.0,0.412,0.377,0.464,0.525,0.673
2025,Brandon Ingram,NOP,SF,18,595.0,0.465,0.374,0.514,0.53,0.855
2020,Reggie Bullock,NYK,SG,29,684.0,0.402,0.333,0.469,0.484,0.81
2025,Jose Alvarado,NOP,PG,56,1366.0,0.392,0.359,0.439,0.498,0.811
2021,Lonzo Ball,NOP,PG,55,1747.0,0.414,0.378,0.482,0.537,0.781
2020,Julius Randle,NYK,PF,64,2080.0,0.46,0.277,0.515,0.492,0.733
2024,Trey Murphy III,NOP,SF,57,1690.0,0.443,0.38,0.602,0.579,0.815
2025,Jaylen Clark,MIN,SG,40,522.0,0.467,0.431,0.493,0.558,0.784
2025,Anthony Edwards,MIN,SG,79,2871.0,0.447,0.395,0.501,0.547,0.837
2023,Austin Rivers,MIN,SG,52,1016.0,0.435,0.35,0.558,0.538,0.769
2022,Taurean Prince,MIN,PF,69,1177.0,0.454,0.376,0.565,0.564,0.756
2024,Jordan McLaughlin,MIN,PG,56,626.0,0.483,0.472,0.5,0.628,0.722
2024,Jaden McDaniels,MIN,SF,72,2105.0,0.489,0.337,0.592,0.557,0.722
2024,T.J. Warren,MIN,SF,11,125.0,0.439,0.154,0.571,0.463,0.75
2024,Rudy Gobert,MIN,C,76,2593.0,0.661,0.0,0.664,0.661,0.638
2022,Jarred Vanderbilt,MIN,PF,74,1880.0,0.587,0.143,0.605,0.59,0.656
2025,Luka Garza,MIN,C,39,219.0,0.495,0.278,0.609,0.543,0.686
2022,Naz Reid,MIN,C,77,1215.0,0.489,0.343,0.568,0.549,0.765
2022,Leandro Bolmaro,MIN,SF,35,241.0,0.315,0.278,0.333,0.361,0.846
2020,Kelan Martin,MIN,SF,31,495.0,0.392,0.26,0.541,0.461,0.968
2022,Karl-Anthony Towns,MIN,C,74,2476.0,0.529,0.41,0.58,0.591,0.822
2023,Jaylen Nowell,MIN,SG,65,1252.0,0.448,0.289,0.542,0.502,0.778
2024,Naz Reid,MIN,PF,81,1964.0,0.477,0.414,0.535,0.576,0.736
2020,Jordan McLaughlin,MIN,PG,30,590.0,0.489,0.382,0.569,0.57,0.667
2022,Patrick Beverley,MIN,PG,58,1476.0,0.406,0.343,0.485,0.501,0.722
2021,Juancho Hernangómez,MIN,PF,52,900.0,0.435,0.327,0.573,0.527,0.619
2022,Josh Okogie,MIN,SG,49,516.0,0.404,0.298,0.491,0.471,0.686
2025,Joe Ingles,MIN,SF,19,114.0,0.261,0.2,0.375,0.326,
2021,Anthony Edwards,MIN,SG,72,2314.0,0.417,0.329,0.483,0.488,0.776
2021,Ed Davis,MIN,C,23,299.0,0.432,,0.432,0.432,0.833
2020,Naz Reid,MIN,C,30,495.0,0.412,0.33,0.466,0.477,0.698
2024,Anthony Edwards,MIN,SG,79,2770.0,0.461,0.357,0.515,0.522,0.836
2021,Malik Beasley,MIN,SG,37,1214.0,0.44,0.399,0.487,0.547,0.85
2023,Jordan McLaughlin,MIN,PG,43,678.0,0.421,0.308,0.552,0.503,0.833
2020,Jake Layman,MIN,SF,23,505.0,0.453,0.333,0.533,0.52,0.75
2025,Rudy Gobert,MIN,C,72,2388.0,0.669,,0.669,0.669,0.674
2020,Karl-Anthony Towns,MIN,C,35,1187.0,0.508,0.412,0.586,0.6,0.796
2022,D'Angelo Russell,MIN,PG,65,2077.0,0.411,0.34,0.492,0.502,0.825
2024,Karl-Anthony Towns,MIN,PF,62,2026.0,0.504,0.416,0.55,0.575,0.873
2025,Mike Conley,MIN,PG,71,1756.0,0.4,0.41,0.38,0.535,0.9
2022,Malik Beasley,MIN,SG,79,1976.0,0.391,0.377,0.432,0.532,0.817
2025,Donte DiVincenzo,MIN,SG,62,1606.0,0.422,0.397,0.49,0.568,0.778
2025,Rob Dillingham,MIN,PG,49,516.0,0.441,0.338,0.496,0.5,0.533
2023,Naz Reid,MIN,C,68,1251.0,0.537,0.346,0.653,0.602,0.677
2020,Jaylen Nowell,MIN,SG,15,151.0,0.358,0.115,0.593,0.387,0.941
2020,Josh Okogie,MIN,SG,62,1547.0,0.427,0.266,0.529,0.479,0.796
2023,Taurean Prince,MIN,PF,54,1192.0,0.467,0.381,0.557,0.565,0.844
2021,Jarrett Culver,MIN,SG,34,499.0,0.411,0.245,0.487,0.449,0.604
2021,Jaden McDaniels,MIN,PF,63,1511.0,0.447,0.364,0.544,0.545,0.6
2025,Jaden McDaniels,MIN,PF,82,2614.0,0.477,0.33,0.561,0.537,0.813
2022,Herbert Jones,NOP,PF,78,2335.0,0.476,0.337,0.533,0.525,0.84
2023,Rudy Gobert,MIN,C,70,2148.0,0.659,0.0,0.663,0.659,0.644
2024,Mike Conley,MIN,PG,76,2193.0,0.457,0.442,0.481,0.595,0.911
2023,Zion Williamson,NOP,PF,29,956.0,0.608,0.368,0.618,0.615,0.714
2025,CJ McCollum,NOP,PG,56,1832.0,0.444,0.373,0.505,0.53,0.717
2023,Brandon Ingram,NOP,SF,45,1538.0,0.484,0.39,0.507,0.522,0.882
2024,Jeremiah Robinson-Earl,NOP,PF,39,334.0,0.474,0.333,0.571,0.542,0.75
2023,Jaxson Hayes,NOP,C,47,610.0,0.551,0.103,0.654,0.561,0.699
2022,Jose Alvarado,NOP,PG,54,834.0,0.446,0.291,0.538,0.5,0.679
2023,Willy Hernangómez,NOP,C,38,458.0,0.527,0.273,0.544,0.536,0.779
2021,D'Angelo Russell,MIN,PG,42,1196.0,0.431,0.387,0.471,0.523,0.765
2025,Zion Williamson,NOP,PF,30,857.0,0.567,0.231,0.576,0.57,0.656
2022,Garrett Temple,NOP,SG,59,1098.0,0.376,0.319,0.473,0.476,0.683
2020,JJ Redick,NOP,SG,60,1581.0,0.453,0.453,0.453,0.596,0.892
2024,Matt Ryan,NOP,SF,28,390.0,0.434,0.451,0.364,0.615,0.929
2025,Jamal Cain,NOP,SF,37,502.0,0.43,0.325,0.538,0.513,0.68
2025,Karlo Matković,NOP,PF,42,791.0,0.574,0.318,0.675,0.619,0.773
2025,Daniel Theis,NOP,C,38,621.0,0.473,0.243,0.565,0.508,0.838
2020,Nickeil Alexander-Walker,NOP,SG,47,591.0,0.368,0.346,0.391,0.455,0.676
2022,Nathan Knight,MIN,PF,37,267.0,0.511,0.308,0.547,0.534,0.733
2021,Ricky Rubio,MIN,PG,68,1772.0,0.388,0.308,0.447,0.454,0.867
2021,Jordan McLaughlin,MIN,PG,51,938.0,0.413,0.359,0.447,0.481,0.767
2023,Anthony Edwards,MIN,SG,79,2842.0,0.459,0.369,0.513,0.528,0.756
2025,Terrence Shannon Jr.,MIN,SG,32,339.0,0.482,0.355,0.53,0.531,0.81
2022,Jordan McLaughlin,MIN,PG,62,902.0,0.44,0.318,0.53,0.508,0.75
2022,Jaden McDaniels,MIN,PF,70,1803.0,0.46,0.317,0.579,0.532,0.803
2021,Jaylen Nowell,MIN,SG,42,759.0,0.424,0.333,0.497,0.499,0.818
2025,Josh Minott,MIN,SF,46,276.0,0.489,0.326,0.638,0.567,0.895
2023,Nathan Knight,MIN,C,38,291.0,0.568,0.364,0.644,0.617,0.684
2021,Jarred Vanderbilt,MIN,PF,64,1139.0,0.606,0.2,0.615,0.608,0.559
2021,Josh Okogie,MIN,SG,59,1197.0,0.402,0.269,0.5,0.459,0.769
2023,Kyle Anderson,MIN,PF,69,1957.0,0.509,0.41,0.536,0.553,0.735
2020,Jarrett Culver,MIN,SG,63,1506.0,0.404,0.299,0.471,0.462,0.462
2021,Karl-Anthony Towns,MIN,C,50,1689.0,0.486,0.387,0.541,0.555,0.859
2023,Bryn Forbes,MIN,SG,25,268.0,0.361,0.304,0.432,0.446,1.0
2024,Nickeil Alexander-Walker,MIN,SG,82,1921.0,0.439,0.391,0.517,0.56,0.8
2022,Jake Layman,MIN,SF,34,231.0,0.411,0.229,0.579,0.466,0.722
2022,Jaylen Nowell,MIN,SG,62,975.0,0.475,0.394,0.526,0.551,0.783
2023,Luka Garza,MIN,C,28,243.0,0.543,0.359,0.636,0.603,0.788
2025,Julius Randle,MIN,PF,69,2226.0,0.485,0.344,0.555,0.542,0.806
2024,Kyle Anderson,MIN,PF,79,1782.0,0.46,0.229,0.488,0.472,0.708
2021,Naz Reid,MIN,C,70,1347.0,0.523,0.351,0.597,0.576,0.693
2025,Naz Reid,MIN,C,80,2200.0,0.462,0.379,0.544,0.556,0.776
2022,Anthony Edwards,MIN,SG,72,2466.0,0.441,0.357,0.519,0.527,0.786
2020,Damyean Dotson,NYK,SG,48,836.0,0.414,0.362,0.48,0.516,0.667
2021,Julius Randle,NYK,PF,71,2667.0,0.456,0.411,0.474,0.516,0.811
2021,Jordan Bone,ORL,PG,14,196.0,0.426,0.313,0.591,0.519,
2021,Mike Muscala,OKC,C,35,645.0,0.446,0.37,0.614,0.573,0.917
2025,Isaiah Joe,OKC,SG,74,1604.0,0.44,0.412,0.549,0.604,0.821
2022,Mamadi Diakite,OKC,PF,13,188.0,0.532,0.0,0.595,0.532,0.545
2025,Jaylin Williams,OKC,PF,47,784.0,0.439,0.399,0.529,0.577,0.767
2025,Dillon Jones,OKC,SF,54,551.0,0.383,0.254,0.5,0.444,0.607
2024,Luguentz Dort,OKC,SF,79,2246.0,0.438,0.394,0.506,0.557,0.826
2024,Ousmane Dieng,OKC,PF,33,365.0,0.422,0.3,0.609,0.513,0.875
2022,Luguentz Dort,OKC,SG,51,1665.0,0.404,0.332,0.487,0.493,0.843
2025,Kenrich Williams,OKC,PF,69,1132.0,0.483,0.386,0.574,0.576,0.718
2020,Shai Gilgeous-Alexander,OKC,SG,70,2428.0,0.471,0.347,0.512,0.514,0.807
2020,Danilo Gallinari,OKC,PF,62,1834.0,0.438,0.405,0.476,0.547,0.893
2020,Terrance Ferguson,OKC,SF,56,1257.0,0.355,0.292,0.558,0.466,0.75
2023,Tre Mann,OKC,PG,67,1183.0,0.393,0.315,0.475,0.474,0.764
2023,Aleksej Pokusevski,OKC,PF,34,701.0,0.434,0.365,0.483,0.51,0.629
2021,Isaiah Roby,OKC,PF,61,1425.0,0.483,0.294,0.547,0.52,0.744
2020,Dennis Schröder,OKC,PG,65,1999.0,0.469,0.385,0.513,0.534,0.839
2025,Branden Carlson,OKC,C,32,246.0,0.443,0.333,0.677,0.557,0.778
2023,Olivier Sarr,OKC,C,9,114.0,0.5,0.125,0.636,0.517,0.714
2022,Kenrich Williams,OKC,SF,49,1072.0,0.461,0.339,0.536,0.525,0.545
2021,Moses Brown,OKC,C,43,920.0,0.545,,0.545,0.545,0.619
2020,Chris Paul,OKC,PG,70,2208.0,0.489,0.365,0.554,0.552,0.907
2020,Deonte Burton,OKC,SF,39,356.0,0.344,0.189,0.458,0.384,0.571
2022,Tre Mann,OKC,PG,60,1367.0,0.393,0.36,0.421,0.476,0.793
2022,Théo Maledon,OKC,PG,51,908.0,0.375,0.293,0.449,0.445,0.79
2022,Vit Krejci,OKC,SG,30,690.0,0.407,0.327,0.522,0.503,0.864
2021,Aleksej Pokusevski,OKC,PF,45,1090.0,0.341,0.28,0.403,0.412,0.738
2023,Shai Gilgeous-Alexander,OKC,PG,68,2416.0,0.51,0.345,0.533,0.531,0.905
2023,Josh Giddey,OKC,PF,76,2367.0,0.482,0.325,0.524,0.516,0.731
2020,Darius Bazley,OKC,PF,61,1130.0,0.394,0.348,0.432,0.472,0.694
2020,Steven Adams,OKC,C,63,1680.0,0.592,0.333,0.594,0.593,0.582
2022,Jaylen Hoard,OKC,SF,7,240.0,0.489,0.36,0.538,0.539,0.429
2021,Théo Maledon,OKC,PG,65,1778.0,0.368,0.335,0.402,0.454,0.748
2021,Kenrich Williams,OKC,PF,66,1426.0,0.533,0.444,0.568,0.596,0.571
2023,Isaiah Joe,OKC,SG,73,1395.0,0.441,0.409,0.553,0.599,0.82
2024,Aaron Wiggins,OKC,SG,78,1228.0,0.562,0.492,0.598,0.645,0.789
2022,Aleksej Pokusevski,OKC,PF,61,1233.0,0.408,0.289,0.498,0.47,0.7
2024,Jalen Williams,OKC,PF,71,2223.0,0.54,0.427,0.576,0.592,0.814
2024,Jaylin Williams,OKC,C,69,897.0,0.417,0.368,0.5,0.533,0.805
2024,Kenrich Williams,OKC,PF,69,1029.0,0.468,0.397,0.54,0.568,0.5
2023,Ousmane Dieng,OKC,PF,39,569.0,0.42,0.265,0.602,0.492,0.652
2021,Ty Jerome,OKC,SG,33,788.0,0.446,0.423,0.479,0.57,0.765
2023,Luguentz Dort,OKC,SF,74,2272.0,0.388,0.33,0.44,0.466,0.772
2021,Charlie Brown Jr.,OKC,SG,9,152.0,0.302,0.238,0.364,0.36,0.9
2025,Alex Caruso,OKC,SG,54,1041.0,0.446,0.353,0.556,0.541,0.824
2023,Kenrich Williams,OKC,PF,53,1206.0,0.517,0.373,0.608,0.59,0.436
2020,Khem Birch,ORL,C,48,922.0,0.51,0.0,0.514,0.51,0.653
2024,Cole Anthony,ORL,PG,81,1817.0,0.435,0.338,0.49,0.496,0.826
2025,Gary Harris,ORL,SG,48,711.0,0.383,0.356,0.469,0.519,0.583
2021,Donta Hall,ORL,PF,13,179.0,0.714,,0.714,0.714,0.676
2022,Terrence Ross,ORL,SG,63,1448.0,0.397,0.292,0.493,0.467,0.862
2022,Franz Wagner,ORL,SF,79,2429.0,0.468,0.354,0.511,0.517,0.863
2021,Chasson Randle,ORL,PG,41,837.0,0.388,0.338,0.449,0.481,0.792
2025,Paolo Banchero,ORL,PF,46,1582.0,0.452,0.32,0.509,0.5,0.727
2024,Gary Harris,ORL,SG,54,1297.0,0.441,0.371,0.598,0.569,0.756
2022,Freddie Gillespie,ORL,PF,9,119.0,0.409,0.0,0.429,0.409,0.429
2023,Markelle Fultz,ORL,PG,60,1778.0,0.514,0.31,0.544,0.534,0.783
2025,Franz Wagner,ORL,SF,60,2023.0,0.463,0.295,0.535,0.507,0.871
2021,Dwayne Bacon,ORL,SG,72,1853.0,0.402,0.285,0.449,0.443,0.824
2020,Mo Bamba,ORL,C,62,878.0,0.462,0.346,0.531,0.526,0.674
2023,Caleb Houstan,ORL,SF,51,812.0,0.363,0.338,0.435,0.489,0.833
2025,Anthony Black,ORL,PG,78,1887.0,0.423,0.318,0.471,0.473,0.761
2020,Evan Fournier,ORL,SF,66,2076.0,0.467,0.399,0.527,0.56,0.818
2020,Melvin Frazier,ORL,SG,19,126.0,0.441,0.5,0.389,0.559,0.5
2020,Markelle Fultz,ORL,PG,72,1996.0,0.465,0.267,0.507,0.488,0.73
2022,Chuma Okeke,ORL,PF,70,1749.0,0.376,0.318,0.48,0.478,0.846
2021,Mo Bamba,ORL,C,46,725.0,0.472,0.322,0.568,0.535,0.682
2023,Franz Wagner,ORL,SF,80,2609.0,0.485,0.361,0.544,0.543,0.842
2022,Aaron Wiggins,OKC,SG,50,1209.0,0.463,0.304,0.573,0.525,0.729
2021,Darius Bazley,OKC,PF,55,1714.0,0.396,0.29,0.47,0.456,0.702
2023,Jalen Williams,OKC,SG,75,2276.0,0.521,0.356,0.579,0.567,0.812
2023,Aaron Wiggins,OKC,SG,70,1297.0,0.512,0.393,0.573,0.579,0.831
2022,Lindy Waters III,OKC,SG,25,465.0,0.406,0.363,0.621,0.557,0.8
2023,Jeremiah Robinson-Earl,OKC,PF,43,814.0,0.444,0.333,0.533,0.518,0.833
2023,Lindy Waters III,OKC,SG,41,531.0,0.393,0.358,0.75,0.556,0.8
2023,Jaylin Williams,OKC,C,49,914.0,0.436,0.407,0.463,0.534,0.704
2022,Paul Watson,OKC,SF,9,156.0,0.343,0.231,0.667,0.429,0.5
2025,Cason Wallace,OKC,SG,68,1876.0,0.474,0.356,0.562,0.55,0.811
2022,Markelle Fultz,ORL,PG,18,360.0,0.474,0.235,0.5,0.486,0.806
2025,Jett Howard,ORL,SF,60,701.0,0.374,0.296,0.566,0.479,0.696
2022,Moritz Wagner,ORL,C,63,960.0,0.497,0.328,0.672,0.581,0.806
2024,Franz Wagner,ORL,SF,72,2337.0,0.482,0.281,0.57,0.525,0.85
2024,Moritz Wagner,ORL,C,80,1415.0,0.601,0.33,0.673,0.636,0.814
2024,Chuma Okeke,ORL,SF,47,432.0,0.357,0.28,0.567,0.46,0.571
2020,Nikola Vučević,ORL,C,62,1998.0,0.477,0.339,0.531,0.525,0.784
2023,Cole Anthony,ORL,PG,60,1552.0,0.454,0.364,0.5,0.516,0.894
2024,Wendell Carter Jr.,ORL,C,55,1406.0,0.525,0.374,0.626,0.6,0.694
2025,Caleb Houstan,ORL,SF,58,788.0,0.421,0.4,0.533,0.589,0.882
2022,Derrick Favors,OKC,C,39,653.0,0.516,0.125,0.554,0.522,0.64
2025,Ajay Mitchell,OKC,SG,36,597.0,0.495,0.383,0.548,0.557,0.829
2020,Frank Ntilikina,NYK,PG,57,1187.0,0.393,0.321,0.444,0.459,0.864
2022,Evan Fournier,NYK,SG,80,2358.0,0.417,0.389,0.465,0.541,0.708
2024,Julius Randle,NYK,PF,46,1630.0,0.472,0.311,0.539,0.518,0.781
2022,Nerlens Noel,NYK,C,25,562.0,0.533,0.0,0.561,0.533,0.7
2022,Obi Toppin,NYK,PF,72,1230.0,0.531,0.308,0.655,0.586,0.758
2022,Derrick Rose,NYK,PG,26,636.0,0.445,0.402,0.467,0.513,0.968
2022,Mitchell Robinson,NYK,C,72,1848.0,0.761,,0.761,0.761,0.486
2023,Mitchell Robinson,NYK,C,59,1591.0,0.671,,0.671,0.671,0.484
2022,Kemba Walker,NYK,PG,37,948.0,0.403,0.367,0.444,0.501,0.845
2022,Julius Randle,NYK,PF,72,2544.0,0.411,0.308,0.458,0.459,0.756
2023,Miles McBride,NYK,PG,64,760.0,0.358,0.299,0.457,0.451,0.667
2022,Immanuel Quickley,NYK,PG,78,1802.0,0.392,0.346,0.448,0.487,0.881
2023,Derrick Rose,NYK,PG,27,338.0,0.384,0.302,0.438,0.443,0.917
2023,Julius Randle,NYK,PF,77,2737.0,0.459,0.343,0.553,0.536,0.757
2022,Jericho Sims,NYK,PF,41,555.0,0.722,,0.722,0.722,0.414
2023,Isaiah Hartenstein,NYK,C,82,1626.0,0.535,0.216,0.576,0.547,0.676
2023,Jericho Sims,NYK,C,52,812.0,0.776,0.0,0.783,0.776,0.75
2023,Evan Fournier,NYK,SG,27,459.0,0.337,0.307,0.404,0.443,0.857
2022,Taj Gibson,NYK,C,52,946.0,0.518,0.395,0.555,0.563,0.808
2022,Alec Burks,NYK,SG,81,2318.0,0.391,0.404,0.378,0.499,0.822
2021,Mitchell Robinson,NYK,C,31,853.0,0.653,,0.653,0.653,0.491
2020,Bobby Portis,NYK,PF,66,1393.0,0.45,0.358,0.493,0.507,0.763
2020,Elfrid Payton,NYK,PG,45,1246.0,0.439,0.203,0.482,0.455,0.57
2025,Pacome Dadiet,NYK,SG,18,111.0,0.323,0.316,0.333,0.419,0.667
2021,Reggie Bullock,NYK,SF,65,1949.0,0.442,0.41,0.521,0.587,0.909
2021,Alec Burks,NYK,SG,49,1255.0,0.42,0.415,0.425,0.522,0.856
2020,Allonzo Trier,NYK,SG,24,291.0,0.481,0.358,0.604,0.571,0.791
2021,Nerlens Noel,NYK,C,64,1547.0,0.614,0.0,0.623,0.614,0.714
2021,Frank Ntilikina,NYK,PG,33,322.0,0.367,0.479,0.194,0.513,0.444
2025,Precious Achiuwa,NYK,C,57,1170.0,0.502,0.278,0.529,0.517,0.594
2021,Elfrid Payton,NYK,PG,63,1484.0,0.432,0.286,0.46,0.455,0.682
2021,Obi Toppin,NYK,PF,62,683.0,0.498,0.306,0.629,0.56,0.731
2024,Isaiah Hartenstein,NYK,C,75,1896.0,0.644,0.333,0.646,0.645,0.707
2020,Dennis Smith Jr.,NYK,PG,34,537.0,0.341,0.296,0.357,0.379,0.509
2024,Josh Hart,NYK,SF,81,2707.0,0.434,0.31,0.511,0.493,0.791
2025,Karl-Anthony Towns,NYK,C,72,2517.0,0.526,0.42,0.567,0.584,0.829
2025,Jalen Brunson,NYK,PG,65,2301.0,0.488,0.383,0.539,0.551,0.821
2025,Mikal Bridges,NYK,SF,82,3036.0,0.5,0.354,0.594,0.57,0.814
2023,Quentin Grimes,NYK,SG,71,2121.0,0.468,0.386,0.641,0.599,0.796
2024,Mitchell Robinson,NYK,C,31,768.0,0.575,,0.575,0.575,0.409
2021,Josh Hall,OKC,SF,21,336.0,0.303,0.108,0.419,0.323,0.5
2021,Shai Gilgeous-Alexander,OKC,SG,35,1180.0,0.508,0.418,0.547,0.571,0.808
2025,Adam Flagler,OKC,SG,37,203.0,0.26,0.194,0.458,0.333,0.5
2025,Shai Gilgeous-Alexander,OKC,PG,76,2598.0,0.519,0.375,0.571,0.569,0.898
2025,Ousmane Dieng,OKC,C,37,405.0,0.432,0.324,0.574,0.524,0.688
2024,Chet Holmgren,OKC,C,82,2413.0,0.53,0.37,0.623,0.598,0.793
2020,Mike Muscala,OKC,C,47,572.0,0.407,0.378,0.5,0.55,0.818
2020,Abdel Nader,OKC,SF,55,867.0,0.468,0.375,0.556,0.559,0.773
2021,Luguentz Dort,OKC,SG,52,1543.0,0.387,0.343,0.432,0.475,0.744
2022,Olivier Sarr,OKC,C,22,421.0,0.574,0.448,0.625,0.639,0.828
2022,Isaiah Roby,OKC,PF,45,948.0,0.514,0.444,0.545,0.582,0.672
2022,Zavier Simpson,OKC,PG,4,174.0,0.365,0.125,0.409,0.375,1.0
2024,Josh Giddey,OKC,SG,80,2011.0,0.475,0.337,0.53,0.523,0.806
2025,Jalen Williams,OKC,SG,69,2237.0,0.484,0.365,0.533,0.537,0.789
2024,Lindy Waters III,OKC,SG,38,280.0,0.471,0.435,0.632,0.649,1.0
2022,Mike Muscala,OKC,C,43,592.0,0.456,0.429,0.506,0.597,0.842
2020,Luguentz Dort,OKC,SF,36,820.0,0.394,0.297,0.479,0.463,0.792
2020,Hamidou Diallo,OKC,SF,46,896.0,0.446,0.281,0.485,0.473,0.603
2022,Melvin Frazier,OKC,SG,3,120.0,0.271,0.048,0.444,0.281,0.714
2022,Josh Giddey,OKC,SF,54,1700.0,0.419,0.263,0.492,0.461,0.709
2022,Shai Gilgeous-Alexander,OKC,PG,56,1942.0,0.453,0.3,0.514,0.496,0.81
2021,Darius Miller,OKC,SF,18,197.0,0.458,0.405,0.833,0.635,1.0
2022,Darius Bazley,OKC,PF,69,1924.0,0.422,0.297,0.511,0.484,0.688
2020,Nerlens Noel,OKC,C,61,1127.0,0.684,0.333,0.688,0.686,0.755
2025,Isaiah Hartenstein,OKC,C,57,1590.0,0.581,0.0,0.605,0.581,0.675
2022,Quentin Grimes,NYK,SG,46,786.0,0.404,0.381,0.5,0.557,0.684
2024,Jericho Sims,NYK,C,45,585.0,0.691,,0.691,0.691,0.667
2023,Obi Toppin,NYK,PF,67,1050.0,0.446,0.344,0.593,0.548,0.809
2023,Immanuel Quickley,NYK,SG,81,2344.0,0.448,0.37,0.521,0.537,0.819
2022,RJ Barrett,NYK,SF,70,2417.0,0.408,0.342,0.442,0.466,0.714
2022,Miles McBride,NYK,PG,40,372.0,0.296,0.25,0.375,0.375,0.667
2023,RJ Barrett,NYK,SG,73,2475.0,0.434,0.31,0.495,0.485,0.74
2023,Jalen Brunson,NYK,PG,68,2379.0,0.491,0.416,0.519,0.547,0.829
2024,Shai Gilgeous-Alexander,OKC,PG,75,2553.0,0.535,0.353,0.576,0.567,0.874
2022,Ty Jerome,OKC,SG,48,801.0,0.378,0.29,0.493,0.46,0.809
2025,Aaron Wiggins,OKC,SG,76,1744.0,0.488,0.383,0.578,0.577,0.831
2024,Isaiah Joe,OKC,SG,78,1445.0,0.458,0.416,0.568,0.609,0.865
2021,Gabriel Deck,OKC,PF,10,212.0,0.478,0.133,0.577,0.493,0.818
2025,Chet Holmgren,OKC,C,32,877.0,0.49,0.379,0.547,0.554,0.754
2022,Jeremiah Robinson-Earl,OKC,C,49,1087.0,0.414,0.352,0.478,0.503,0.741
2021,Jaylen Hoard,OKC,SF,19,320.0,0.5,0.0,0.571,0.5,0.683
2025,Luguentz Dort,OKC,SF,71,2073.0,0.435,0.412,0.489,0.578,0.717
2025,Alex Ducas,OKC,SG,21,125.0,0.4,0.476,0.222,0.567,1.0
2021,Al Horford,OKC,C,28,782.0,0.45,0.368,0.51,0.528,0.818
2024,Cason Wallace,OKC,SG,82,1692.0,0.491,0.419,0.572,0.602,0.784
2025,Nickeil Alexander-Walker,MIN,SG,82,2073.0,0.438,0.381,0.524,0.553,0.78
2020,Anthony Davis,LAL,PF,62,2131.0,0.503,0.33,0.546,0.536,0.846
2025,Luke Kennard,MEM,SG,65,1472.0,0.478,0.433,0.547,0.609,0.895
2021,Justise Winslow,MEM,SF,26,507.0,0.352,0.185,0.41,0.376,0.571
2024,Timmy Allen,MEM,SF,5,125.0,0.261,0.0,0.375,0.261,0.5
2023,Tyus Jones,MEM,PG,80,1940.0,0.438,0.371,0.495,0.523,0.8
2025,Scotty Pippen Jr.,MEM,PG,79,1683.0,0.48,0.397,0.528,0.553,0.713
2021,Jonas Valančiūnas,MEM,C,62,1755.0,0.592,0.368,0.611,0.606,0.773
2020,Marko Gudurić,MEM,SG,44,484.0,0.395,0.301,0.5,0.475,0.923
2021,Xavier Tillman Sr.,MEM,PF,59,1085.0,0.559,0.338,0.62,0.595,0.642
2025,Jaylen Wells,MEM,SG,79,2043.0,0.425,0.352,0.525,0.527,0.822
2020,Dillon Brooks,MEM,SG,73,2112.0,0.407,0.358,0.438,0.476,0.808
2020,Grayson Allen,MEM,SG,38,718.0,0.466,0.404,0.545,0.58,0.867
2020,Kyle Anderson,MEM,SF,67,1330.0,0.474,0.282,0.541,0.511,0.667
2021,Killian Tillie,MEM,C,18,182.0,0.333,0.303,0.375,0.421,0.818
2025,Lamar Stevens,MEM,PF,17,155.0,0.46,0.296,0.583,0.524,0.727
2020,Brandon Clarke,MEM,PF,58,1300.0,0.618,0.359,0.658,0.642,0.759
2025,Vince Williams Jr.,MEM,SG,27,499.0,0.401,0.274,0.569,0.479,0.792
2023,Brandon Clarke,MEM,PF,56,1090.0,0.656,0.167,0.665,0.658,0.723
2021,John Konchar,MEM,SG,43,575.0,0.5,0.375,0.585,0.576,0.833
2025,Ja Morant,MEM,PG,50,1519.0,0.454,0.309,0.523,0.504,0.824
2024,Santi Aldama,MEM,PF,61,1618.0,0.435,0.349,0.534,0.528,0.621
2023,John Konchar,MEM,SF,72,1494.0,0.431,0.339,0.545,0.525,0.778
2024,Desmond Bane,MEM,SG,42,1443.0,0.464,0.381,0.536,0.552,0.87
2023,Troy Brown Jr.,LAL,SF,76,1860.0,0.43,0.381,0.505,0.545,0.872
2020,Jared Dudley,LAL,PF,45,364.0,0.4,0.429,0.333,0.55,1.0
2025,LeBron James,LAL,SF,70,2444.0,0.513,0.376,0.574,0.571,0.782
2025,Gabe Vincent,LAL,PG,72,1527.0,0.4,0.353,0.532,0.53,0.714
2022,John Konchar,MEM,SG,72,1292.0,0.515,0.413,0.61,0.615,0.551
2025,Cam Spencer,MEM,SG,25,252.0,0.415,0.358,0.517,0.53,1.0
2021,Ja Morant,MEM,PG,63,2053.0,0.449,0.303,0.499,0.487,0.728
2022,De'Anthony Melton,MEM,SG,73,1657.0,0.404,0.374,0.44,0.504,0.75
2023,Dillon Brooks,MEM,SF,73,2214.0,0.396,0.326,0.451,0.468,0.779
2023,Desmond Bane,MEM,SG,58,1841.0,0.479,0.408,0.534,0.568,0.883
2022,Tyus Jones,MEM,PG,73,1549.0,0.451,0.39,0.487,0.524,0.818
2023,Kennedy Chandler,MEM,PG,36,281.0,0.422,0.133,0.485,0.434,0.462
2021,De'Anthony Melton,MEM,PG,52,1045.0,0.438,0.412,0.467,0.548,0.804
2023,Jaren Jackson Jr.,MEM,C,63,1787.0,0.506,0.355,0.585,0.567,0.788
2023,Jake LaRavia,MEM,PF,35,414.0,0.389,0.338,0.542,0.516,0.778
2022,Jaren Jackson Jr.,MEM,PF,78,2126.0,0.415,0.319,0.476,0.477,0.823
2025,John Konchar,MEM,SG,46,558.0,0.451,0.371,0.621,0.577,0.875
2022,Jarrett Culver,MEM,SG,37,338.0,0.378,0.255,0.443,0.422,0.471
2024,DeJon Jarreau,MEM,SG,9,150.0,0.34,0.308,0.351,0.38,0.455
2024,Jaren Jackson Jr.,MEM,C,66,2124.0,0.444,0.32,0.501,0.494,0.808
2021,Kyle Anderson,MEM,PF,69,1887.0,0.468,0.36,0.539,0.54,0.783
2022,Xavier Tillman Sr.,MEM,PF,53,701.0,0.454,0.204,0.527,0.477,0.648
2021,Dillon Brooks,MEM,SF,67,1997.0,0.419,0.344,0.461,0.481,0.815
2023,Ja Morant,MEM,PG,61,1948.0,0.466,0.307,0.519,0.504,0.748
2020,Tyus Jones,MEM,PG,65,1232.0,0.459,0.379,0.492,0.514,0.741
2025,Jay Huff,MEM,C,64,748.0,0.515,0.405,0.724,0.648,0.786
2024,Scotty Pippen Jr.,MEM,PG,21,527.0,0.493,0.417,0.534,0.567,0.745
2022,Ziaire Williams,MEM,SF,62,1346.0,0.45,0.314,0.632,0.54,0.782
2024,Mãozinha Pereira,MEM,SF,7,122.0,0.514,0.385,0.591,0.586,0.7
2020,Josh Jackson,MEM,SF,22,381.0,0.44,0.319,0.54,0.513,0.7
2020,Jaren Jackson Jr.,MEM,C,57,1622.0,0.469,0.394,0.54,0.565,0.747
2023,Steven Adams,MEM,C,42,1133.0,0.597,0.0,0.599,0.597,0.364
2022,Killian Tillie,MEM,C,36,461.0,0.339,0.314,0.39,0.445,0.625
2021,Desmond Bane,MEM,SG,68,1519.0,0.469,0.432,0.513,0.586,0.816
2022,Brandon Clarke,MEM,PF,64,1246.0,0.644,0.227,0.666,0.65,0.654
2024,Brandon Clarke,MEM,PF,6,134.0,0.559,0.167,0.604,0.568,0.143
2023,Kenneth Lofton Jr.,MEM,PF,24,176.0,0.527,0.353,0.566,0.559,0.593
2021,Grayson Allen,MEM,SG,50,1259.0,0.418,0.391,0.471,0.547,0.868
2025,GG Jackson II,MEM,PF,29,459.0,0.372,0.337,0.404,0.452,0.725
2022,Ja Morant,MEM,PG,57,1889.0,0.493,0.344,0.534,0.53,0.761
2025,Santi Aldama,MEM,PF,65,1660.0,0.483,0.368,0.599,0.576,0.691
2021,Sean McDermott,MEM,SF,18,158.0,0.394,0.227,0.727,0.47,1.0
2025,Jaren Jackson Jr.,MEM,C,74,2207.0,0.488,0.375,0.541,0.548,0.781
2025,Brandon Clarke,MEM,PF,64,1207.0,0.621,0.059,0.647,0.622,0.701
2021,Brandon Clarke,MEM,PF,59,1415.0,0.517,0.26,0.565,0.537,0.69
2024,GG Jackson II,MEM,PF,48,1233.0,0.428,0.357,0.502,0.519,0.752
2020,Yuta Watanabe,MEM,SF,18,105.0,0.441,0.375,0.462,0.485,0.375
2022,Desmond Bane,MEM,SG,76,2266.0,0.461,0.436,0.484,0.565,0.903
2023,David Roddy,MEM,PF,70,1258.0,0.429,0.307,0.553,0.506,0.631
2024,Matthew Hurt,MEM,PF,8,113.0,0.353,0.25,0.5,0.426,1.0
2020,Ja Morant,MEM,PG,67,2074.0,0.477,0.335,0.511,0.509,0.776
2020,Jonas Valančiūnas,MEM,C,70,1845.0,0.585,0.352,0.617,0.606,0.74
2020,De'Anthony Melton,MEM,PG,60,1167.0,0.401,0.286,0.464,0.451,0.769
2025,Zach Edey,MEM,C,66,1416.0,0.58,0.346,0.612,0.6,0.709
2025,Desmond Bane,MEM,SG,69,2205.0,0.484,0.392,0.548,0.565,0.894
2024,Marcus Smart,MEM,PG,20,605.0,0.43,0.313,0.583,0.519,0.768
2024,Zavier Simpson,MEM,PG,7,161.0,0.315,0.294,0.324,0.361,0.75
2022,Kyle Anderson,MEM,PF,69,1484.0,0.446,0.33,0.481,0.484,0.638
2023,Vince Williams Jr.,MEM,SG,15,105.0,0.3,0.143,0.667,0.35,1.0
2023,Ziaire Williams,MEM,SF,37,561.0,0.429,0.258,0.596,0.492,0.773
2024,Jake LaRavia,MEM,PF,35,806.0,0.389,0.34,0.442,0.477,0.826
2024,John Konchar,MEM,SF,55,1173.0,0.423,0.317,0.568,0.514,0.84
2022,Steven Adams,MEM,C,76,1999.0,0.547,0.0,0.548,0.547,0.543
2022,Santi Aldama,MEM,PF,32,360.0,0.402,0.125,0.56,0.424,0.625
2024,Luke Kennard,MEM,SG,39,999.0,0.448,0.45,0.442,0.617,0.889
2021,Alfonzo McKinnie,LAL,SF,39,258.0,0.516,0.41,0.593,0.602,0.556
2024,LeBron James,LAL,PF,71,2504.0,0.54,0.41,0.592,0.599,0.75
2023,Jaden McDaniels,MIN,SF,79,2416.0,0.517,0.398,0.588,0.591,0.736
2025,Jarred Vanderbilt,LAL,PF,36,581.0,0.488,0.281,0.562,0.525,0.556
2025,Christian Koloko,LAL,C,37,342.0,0.606,0.0,0.645,0.606,0.714
2021,Talen Horton-Tucker,LAL,SG,65,1304.0,0.458,0.282,0.522,0.496,0.775
2022,Russell Westbrook,LAL,PG,78,2678.0,0.444,0.298,0.485,0.476,0.667
2025,Jordan Goodwin,LAL,PG,29,543.0,0.438,0.382,0.487,0.528,0.818
2024,Jalen Hood-Schifino,LAL,SG,21,109.0,0.222,0.133,0.267,0.244,0.6
2022,Austin Reaves,LAL,SG,61,1418.0,0.459,0.317,0.616,0.542,0.839
2024,Jarred Vanderbilt,LAL,PF,29,581.0,0.518,0.296,0.586,0.553,0.667
2022,Wayne Ellington,LAL,SG,43,810.0,0.414,0.389,0.615,0.586,0.818
2023,LeBron James,LAL,PF,55,1954.0,0.5,0.321,0.58,0.549,0.768
2021,Montrezl Harrell,LAL,C,69,1580.0,0.622,0.0,0.632,0.622,0.707
2020,JaVale McGee,LAL,C,68,1130.0,0.637,0.5,0.64,0.642,0.646
2020,Avery Bradley,LAL,SG,49,1186.0,0.444,0.364,0.51,0.526,0.833
2024,Gabe Vincent,LAL,PG,11,218.0,0.306,0.107,0.571,0.337,0.5
2024,Rui Hachimura,LAL,PF,68,1826.0,0.537,0.422,0.597,0.609,0.739
2022,Dwight Howard,LAL,C,60,971.0,0.612,0.533,0.618,0.63,0.658
2022,Talen Horton-Tucker,LAL,SG,60,1511.0,0.416,0.269,0.492,0.462,0.8
2020,Kyle Kuzma,LAL,PF,61,1526.0,0.436,0.316,0.518,0.5,0.735
2023,Wenyen Gabriel,LAL,C,68,1024.0,0.596,0.278,0.647,0.615,0.619
2021,Markieff Morris,LAL,PF,61,1200.0,0.405,0.311,0.521,0.491,0.72
2024,Max Christie,LAL,SG,67,944.0,0.427,0.356,0.496,0.515,0.783
2025,Austin Reaves,LAL,SG,73,2550.0,0.46,0.377,0.547,0.556,0.877
2022,Avery Bradley,LAL,SG,62,1406.0,0.423,0.39,0.471,0.54,0.889
2022,Kent Bazemore,LAL,SF,39,545.0,0.324,0.363,0.271,0.428,0.765
2023,Marcus Morris,LAC,PF,65,1825.0,0.426,0.364,0.484,0.513,0.782
2024,Brandon Boston Jr.,LAC,SF,32,345.0,0.404,0.269,0.468,0.447,0.697
2025,Derrick Jones Jr.,LAC,SF,77,1873.0,0.526,0.356,0.627,0.593,0.703
2023,Terance Mann,LAC,SG,81,1872.0,0.519,0.389,0.598,0.593,0.78
2024,Ivica Zubac,LAC,C,68,1794.0,0.649,,0.649,0.649,0.723
2025,Kawhi Leonard,LAC,SF,37,1180.0,0.498,0.411,0.536,0.56,0.81
2023,Nicolas Batum,LAC,PF,78,1709.0,0.42,0.391,0.563,0.583,0.708
2025,James Harden,LAC,PG,79,2789.0,0.41,0.352,0.472,0.501,0.874
2024,Russell Westbrook,LAC,PG,68,1529.0,0.454,0.273,0.509,0.486,0.688
2024,Paul George,LAC,PF,74,2502.0,0.471,0.413,0.523,0.569,0.907
2024,Jaxson Hayes,LAL,C,70,877.0,0.72,0.0,0.754,0.72,0.622
2023,Brandon Boston Jr.,LAC,SF,22,248.0,0.418,0.414,0.419,0.467,0.763
2023,Moussa Diabaté,LAC,C,22,195.0,0.511,0.5,0.511,0.521,0.625
2024,Xavier Moon,LAC,SG,14,119.0,0.326,0.118,0.448,0.348,0.5
2024,Mason Plumlee,LAC,C,46,674.0,0.569,0.0,0.592,0.569,0.707
2025,Norman Powell,LAC,SG,60,1958.0,0.484,0.418,0.538,0.578,0.804
2025,Nicolas Batum,LAC,PF,78,1367.0,0.437,0.433,0.457,0.622,0.81
2024,Norman Powell,LAC,SG,76,1990.0,0.486,0.435,0.536,0.594,0.831
2023,Paul George,LAC,SF,56,1939.0,0.457,0.371,0.521,0.536,0.871
2022,Anthony Davis,LAL,C,40,1404.0,0.532,0.186,0.571,0.542,0.713
2021,Wesley Matthews,LAL,SG,58,1130.0,0.353,0.335,0.418,0.484,0.854
2021,Alex Caruso,LAL,PG,58,1216.0,0.436,0.401,0.464,0.526,0.645
2021,Anthony Davis,LAL,PF,36,1162.0,0.491,0.26,0.536,0.512,0.738
2024,Taurean Prince,LAL,PF,78,2108.0,0.442,0.396,0.519,0.566,0.735
2023,Max Christie,LAL,SG,41,512.0,0.415,0.419,0.409,0.538,0.875
2021,Marc Gasol,LAL,C,52,993.0,0.454,0.41,0.528,0.582,0.72
2021,Kentavious Caldwell-Pope,LAL,SG,67,1902.0,0.431,0.41,0.46,0.549,0.866
2024,Austin Reaves,LAL,SG,82,2629.0,0.486,0.367,0.583,0.568,0.853
2024,Cam Reddish,LAL,SF,48,984.0,0.389,0.336,0.435,0.468,0.759
2023,Lonnie Walker IV,LAL,SG,56,1297.0,0.448,0.365,0.522,0.534,0.858
2024,D'Angelo Russell,LAL,PG,76,2484.0,0.456,0.415,0.497,0.56,0.828
2020,Kentavious Caldwell-Pope,LAL,SG,69,1762.0,0.467,0.385,0.541,0.558,0.775
2022,LeBron James,LAL,C,56,2084.0,0.524,0.359,0.62,0.59,0.756
2020,Alex Caruso,LAL,PG,64,1175.0,0.412,0.333,0.468,0.481,0.734
2023,Anthony Davis,LAL,C,56,1904.0,0.563,0.257,0.589,0.573,0.784
2022,Stanley Johnson,LAL,PF,48,1094.0,0.466,0.314,0.575,0.532,0.716
2022,Carmelo Anthony,LAL,PF,69,1793.0,0.441,0.375,0.521,0.544,0.83
2021,Dennis Schröder,LAL,SG,61,1956.0,0.437,0.335,0.476,0.484,0.848
2022,Trevor Ariza,LAL,SF,24,462.0,0.333,0.27,0.52,0.434,0.556
2024,Maxwell Lewis,LAL,SF,34,103.0,0.19,0.111,0.25,0.214,0.667
2020,Rajon Rondo,LAL,PG,48,984.0,0.418,0.328,0.473,0.48,0.659
2020,Dwight Howard,LAL,C,69,1306.0,0.729,0.6,0.732,0.735,0.514
2021,LeBron James,LAL,PG,45,1504.0,0.513,0.365,0.591,0.576,0.698
2022,Malik Monk,LAL,SG,76,2139.0,0.473,0.391,0.568,0.578,0.795
2025,Bronny James,LAL,SG,27,181.0,0.313,0.281,0.343,0.381,0.786
2025,Rui Hachimura,LAL,PF,59,1869.0,0.509,0.413,0.581,0.597,0.77
2025,Cam Reddish,LAL,SF,33,589.0,0.404,0.277,0.532,0.473,0.615
2025,Dalton Knecht,LAL,SF,78,1494.0,0.461,0.376,0.594,0.576,0.762
2023,Dennis Schröder,LAL,PG,66,1986.0,0.415,0.329,0.461,0.472,0.857
2020,Danny Green,LAL,SG,68,1687.0,0.416,0.367,0.524,0.542,0.688
2024,Anthony Davis,LAL,C,76,2700.0,0.556,0.271,0.582,0.567,0.816
2023,Austin Reaves,LAL,SG,64,1843.0,0.529,0.398,0.631,0.616,0.864
2025,Jaxson Hayes,LAL,C,56,1093.0,0.722,0.0,0.732,0.722,0.622
2021,Kyle Kuzma,LAL,SF,68,1954.0,0.443,0.361,0.525,0.533,0.691
2024,Christian Wood,LAL,PF,50,872.0,0.466,0.307,0.587,0.532,0.702
2020,LeBron James,LAL,PG,67,2316.0,0.493,0.348,0.564,0.55,0.693
2020,Quinn Cook,LAL,PG,44,508.0,0.425,0.365,0.465,0.498,0.786
2023,Santi Aldama,MEM,PF,77,1682.0,0.47,0.353,0.591,0.56,0.75
2024,Ja Morant,MEM,PG,9,318.0,0.471,0.275,0.555,0.512,0.813
2024,Derrick Rose,MEM,PG,24,399.0,0.461,0.366,0.492,0.506,0.889
2024,Malik Beasley,MIL,SG,79,2337.0,0.443,0.413,0.533,0.598,0.714
2021,Jrue Holiday,MIL,PG,59,1907.0,0.503,0.392,0.561,0.57,0.787
2022,Pat Connaughton,MIL,SF,65,1691.0,0.458,0.395,0.643,0.605,0.833
2020,Brook Lopez,MIL,C,68,1817.0,0.435,0.314,0.549,0.511,0.836
2022,Khris Middleton,MIL,SF,66,2141.0,0.443,0.373,0.494,0.522,0.89
2023,Giannis Antetokounmpo,MIL,PF,63,2024.0,0.553,0.275,0.596,0.572,0.645
2025,Andre Jackson Jr.,MIL,SG,67,980.0,0.477,0.395,0.529,0.553,0.5
2021,Khris Middleton,MIL,SF,68,2269.0,0.476,0.414,0.508,0.546,0.898
2023,Thanasis Antetokounmpo,MIL,PF,37,206.0,0.435,0.0,0.526,0.435,0.5
2023,Meyers Leonard,MIL,C,9,114.0,0.483,0.389,0.636,0.603,0.889
2022,Bobby Portis,MIL,C,72,2028.0,0.479,0.393,0.533,0.555,0.752
2020,George Hill,MIL,PG,59,1271.0,0.516,0.46,0.565,0.624,0.842
2021,Sam Merrill,MIL,SG,30,233.0,0.444,0.447,0.44,0.59,1.0
2020,Kyle Korver,MIL,SF,58,960.0,0.43,0.418,0.482,0.599,0.854
2022,Grayson Allen,MIL,SG,66,1805.0,0.448,0.409,0.533,0.588,0.865
2023,Khris Middleton,MIL,SF,33,801.0,0.436,0.315,0.516,0.499,0.902
2024,MarJon Beauchamp,MIL,SF,48,608.0,0.488,0.4,0.56,0.578,0.679
2020,Ersan İlyasova,MIL,PF,63,986.0,0.466,0.365,0.545,0.546,0.828
2022,Wesley Matthews,MIL,SG,49,1002.0,0.395,0.338,0.54,0.516,0.786
2021,Jordan Nwora,MIL,SF,30,274.0,0.459,0.452,0.466,0.563,0.76
2024,Giannis Antetokounmpo,MIL,PF,73,2567.0,0.611,0.274,0.645,0.624,0.657
2021,Bryn Forbes,MIL,SG,70,1354.0,0.473,0.452,0.511,0.618,0.77
2023,Wesley Matthews,MIL,SF,52,820.0,0.363,0.315,0.528,0.484,0.857
2022,Brook Lopez,MIL,C,13,298.0,0.466,0.358,0.538,0.538,0.87
2022,Jimmy Butler,MIA,SF,57,1931.0,0.48,0.233,0.52,0.496,0.87
2025,Haywood Highsmith,MIA,SF,74,1818.0,0.458,0.382,0.57,0.572,0.721
2025,Bam Adebayo,MIA,C,78,2674.0,0.485,0.357,0.517,0.521,0.765
2025,Tyler Herro,MIA,SG,77,2725.0,0.472,0.375,0.565,0.563,0.878
2023,Caleb Martin,MIA,SF,71,2077.0,0.464,0.356,0.545,0.54,0.805
2024,Pat Connaughton,MIL,SF,76,1676.0,0.435,0.345,0.633,0.553,0.759
2020,Khris Middleton,MIL,SF,62,1853.0,0.497,0.415,0.546,0.575,0.916
2021,Brook Lopez,MIL,C,70,1902.0,0.503,0.338,0.632,0.577,0.845
2023,MarJon Beauchamp,MIL,SF,52,701.0,0.395,0.331,0.485,0.492,0.73
2021,Bobby Portis,MIL,C,66,1372.0,0.523,0.471,0.542,0.585,0.74
2024,Thanasis Antetokounmpo,MIL,PF,34,155.0,0.533,0.0,0.552,0.533,0.0
2025,Pat Connaughton,MIL,SG,41,603.0,0.469,0.321,0.594,0.542,0.774
2024,Andre Jackson Jr.,MIL,SG,57,572.0,0.5,0.37,0.611,0.585,0.727
2025,A.J. Green,MIL,SG,73,1659.0,0.429,0.427,0.443,0.612,0.815
2022,Sandro Mamukelashvili,MIL,PF,41,407.0,0.496,0.423,0.556,0.591,0.818
2023,Joe Ingles,MIL,SF,46,1044.0,0.435,0.409,0.556,0.603,0.857
2022,Jordan Nwora,MIL,SF,62,1185.0,0.403,0.348,0.455,0.488,0.837
2025,Brook Lopez,MIL,C,80,2546.0,0.509,0.373,0.636,0.599,0.826
2022,Thanasis Antetokounmpo,MIL,SF,48,473.0,0.547,0.143,0.596,0.555,0.63
2025,Chris Livingston,MIL,SF,21,106.0,0.333,0.0,0.474,0.333,0.75
2024,Jae Crowder,MIL,PF,50,1156.0,0.422,0.349,0.538,0.53,0.722
2025,Damian Lillard,MIL,PG,58,2093.0,0.448,0.376,0.528,0.547,0.921
2020,Wesley Matthews,MIL,SG,67,1635.0,0.396,0.364,0.472,0.524,0.765
2020,Frank Mason III,MIL,PG,9,118.0,0.451,0.286,0.567,0.51,0.588
2023,Brook Lopez,MIL,C,78,2373.0,0.531,0.374,0.637,0.606,0.784
2023,Jrue Holiday,MIL,PG,67,2183.0,0.479,0.384,0.542,0.556,0.859
2023,Jevon Carter,MIL,PG,81,1810.0,0.423,0.421,0.425,0.549,0.816
2025,Bobby Portis,MIL,PF,49,1244.0,0.466,0.365,0.508,0.52,0.836
2020,Donte DiVincenzo,MIL,SG,66,1520.0,0.455,0.336,0.567,0.536,0.733
2021,Mamadi Diakite,MIL,PF,14,141.0,0.4,0.125,0.469,0.413,0.786
2021,Donte DiVincenzo,MIL,SG,66,1814.0,0.42,0.379,0.475,0.528,0.718
2024,Damian Lillard,MIL,PG,73,2579.0,0.424,0.354,0.49,0.51,0.92
2025,Taurean Prince,MIL,SF,80,2166.0,0.457,0.439,0.492,0.6,0.813
2023,Bobby Portis,MIL,PF,70,1818.0,0.496,0.37,0.555,0.555,0.768
2022,George Hill,MIL,PG,54,1253.0,0.429,0.306,0.546,0.504,0.919
2020,Giannis Antetokounmpo,MIL,PF,63,1917.0,0.553,0.304,0.631,0.589,0.633
2024,Bobby Portis,MIL,PF,82,2008.0,0.508,0.407,0.545,0.562,0.79
2020,D.J. Wilson,MIL,PF,37,363.0,0.394,0.247,0.576,0.462,0.611
2022,Jrue Holiday,MIL,PG,67,2207.0,0.501,0.411,0.547,0.57,0.761
2021,Giannis Antetokounmpo,MIL,PF,61,2013.0,0.569,0.303,0.636,0.6,0.685
2020,Thanasis Antetokounmpo,MIL,SF,20,129.0,0.5,0.0,0.632,0.5,0.412
2021,Jake Layman,MIN,SF,45,627.0,0.495,0.295,0.642,0.557,0.703
2024,Luka Garza,MIN,C,25,122.0,0.48,0.281,0.628,0.54,0.72
2023,Karl-Anthony Towns,MIN,PF,29,957.0,0.495,0.366,0.576,0.565,0.874
2023,Wendell Moore Jr.,MIN,SG,29,153.0,0.419,0.118,0.615,0.442,0.8
2025,Gary Trent Jr.,MIL,SG,74,1893.0,0.431,0.416,0.46,0.568,0.848
2023,A.J. Green,MIL,SG,35,345.0,0.424,0.419,0.45,0.6,1.0
2024,A.J. Green,MIL,SG,56,614.0,0.423,0.408,0.519,0.599,0.895
2023,Grayson Allen,MIL,SG,72,1972.0,0.44,0.399,0.518,0.571,0.905
2020,Robin Lopez,MIL,C,66,958.0,0.492,0.333,0.577,0.55,0.528
2022,Giannis Antetokounmpo,MIL,PF,67,2204.0,0.553,0.293,0.616,0.582,0.722
2023,Serge Ibaka,MIL,C,16,185.0,0.481,0.333,0.556,0.537,0.615
2022,Lindell Wigginton,MIL,PG,19,199.0,0.426,0.346,0.486,0.5,0.543
2020,Pat Connaughton,MIL,SG,67,1243.0,0.455,0.331,0.607,0.547,0.775
2023,Pat Connaughton,MIL,SF,61,1443.0,0.392,0.339,0.566,0.521,0.659
2020,Eric Bledsoe,MIL,PG,61,1646.0,0.475,0.344,0.533,0.528,0.79
2025,Giannis Antetokounmpo,MIL,PF,67,2289.0,0.601,0.222,0.62,0.607,0.617
2024,Brook Lopez,MIL,C,79,2411.0,0.485,0.366,0.621,0.583,0.821
2025,Tyler Smith,MIL,PF,23,122.0,0.48,0.433,0.55,0.61,0.75
2021,Pat Connaughton,MIL,SG,69,1575.0,0.434,0.371,0.583,0.565,0.775
2021,Thanasis Antetokounmpo,MIL,SF,57,551.0,0.489,0.241,0.556,0.515,0.51
2024,Khris Middleton,MIL,SF,55,1487.0,0.493,0.381,0.563,0.566,0.833
2020,Sterling Brown,MIL,SF,52,767.0,0.371,0.324,0.425,0.457,0.8
2025,Ryan Rollins,MIL,PG,56,820.0,0.487,0.408,0.55,0.577,0.8
2023,Jae Crowder,MIL,PF,18,340.0,0.479,0.436,0.538,0.606,0.833
2020,Andre Iguodala,MIA,SF,21,418.0,0.432,0.298,0.585,0.511,0.4
2023,Kyle Lowry,MIA,PG,55,1718.0,0.404,0.345,0.509,0.514,0.859
2020,Justise Winslow,MIA,SG,11,352.0,0.388,0.222,0.431,0.411,0.667
2021,KZ Okpala,MIA,PF,37,447.0,0.375,0.24,0.522,0.438,0.533
2022,Haywood Highsmith,MIA,SF,19,163.0,0.348,0.321,0.389,0.446,0.4
2022,P.J. Tucker,MIA,PF,71,1981.0,0.484,0.415,0.54,0.577,0.738
2024,Thomas Bryant,MIA,C,38,441.0,0.577,0.182,0.646,0.591,0.872
2021,Tyler Herro,MIA,SG,54,1635.0,0.439,0.36,0.498,0.516,0.803
2022,Kyle Lowry,MIA,PG,63,2133.0,0.44,0.377,0.539,0.555,0.851
2021,Andre Iguodala,MIA,SF,63,1339.0,0.383,0.33,0.53,0.504,0.658
2022,Caleb Martin,MIA,SF,60,1372.0,0.507,0.413,0.565,0.585,0.763
2022,Tyler Herro,MIA,SG,66,2151.0,0.447,0.399,0.477,0.525,0.868
2022,Victor Oladipo,MIA,SG,8,173.0,0.479,0.417,0.541,0.582,0.737
2021,Precious Achiuwa,MIA,PF,61,737.0,0.544,0.0,0.546,0.544,0.509
2022,KZ Okpala,MIA,PF,21,244.0,0.435,0.346,0.488,0.5,0.727
2021,Kendrick Nunn,MIA,PG,56,1650.0,0.485,0.381,0.583,0.578,0.933
2023,Bam Adebayo,MIA,C,75,2598.0,0.54,0.083,0.545,0.541,0.806
2022,Markieff Morris,MIA,PF,17,298.0,0.474,0.333,0.547,0.531,0.889
2024,Jamal Cain,MIA,PF,26,259.0,0.43,0.355,0.479,0.5,0.783
2024,Jimmy Butler,MIA,PF,60,2042.0,0.499,0.414,0.519,0.537,0.858
2022,Duncan Robinson,MIA,SG,79,2043.0,0.399,0.372,0.569,0.559,0.836
2021,Gabe Vincent,MIA,PG,50,655.0,0.378,0.309,0.5,0.476,0.87
2024,Caleb Martin,MIA,SF,64,1756.0,0.431,0.349,0.489,0.504,0.778
2025,Josh Richardson,MIA,SG,8,150.0,0.289,0.273,0.313,0.368,1.0
2021,Dewayne Dedmon,MIA,C,16,210.0,0.708,0.2,0.75,0.715,0.741
2024,Josh Richardson,MIA,SG,43,1103.0,0.444,0.347,0.561,0.539,0.944
2024,Vince Williams Jr.,MEM,SG,52,1436.0,0.446,0.378,0.529,0.55,0.8
2021,Jaren Jackson Jr.,MEM,C,11,258.0,0.424,0.283,0.554,0.492,0.833
2024,Ziaire Williams,MEM,SF,51,1038.0,0.397,0.307,0.487,0.474,0.827
2021,Tyus Jones,MEM,PG,70,1222.0,0.431,0.321,0.487,0.485,0.911
2022,Dillon Brooks,MEM,SF,32,885.0,0.432,0.309,0.48,0.475,0.849
2020,John Konchar,MEM,SG,19,181.0,0.649,0.5,0.704,0.716,0.5
2023,Xavier Tillman Sr.,MEM,C,61,1180.0,0.614,0.267,0.632,0.621,0.551
2021,Jimmy Butler,MIA,SF,52,1745.0,0.497,0.245,0.538,0.514,0.863
2020,Bam Adebayo,MIA,PF,72,2417.0,0.557,0.143,0.564,0.558,0.691
2024,Kevin Love,MIA,PF,55,924.0,0.44,0.344,0.643,0.557,0.787
2025,Duncan Robinson,MIA,SF,74,1785.0,0.437,0.393,0.556,0.581,0.887
2021,Bam Adebayo,MIA,C,64,2143.0,0.57,0.25,0.573,0.571,0.799
2024,Orlando Robinson,MIA,C,36,304.0,0.5,0.533,0.491,0.556,0.76
2024,Duncan Robinson,MIA,SF,68,1905.0,0.45,0.395,0.579,0.589,0.889
2022,Gabe Vincent,MIA,PG,68,1589.0,0.417,0.368,0.5,0.533,0.815
2025,Terry Rozier,MIA,PG,64,1658.0,0.391,0.295,0.48,0.462,0.852
2021,Trevor Ariza,MIA,SF,30,841.0,0.411,0.35,0.5,0.515,0.773
2025,Dru Smith,MIA,SG,14,268.0,0.508,0.533,0.484,0.639,0.75
2022,Max Strus,MIA,SF,68,1587.0,0.441,0.41,0.557,0.602,0.792
2024,Nikola Jović,MIA,PF,46,896.0,0.452,0.399,0.525,0.568,0.702
2020,Duncan Robinson,MIA,SG,73,2166.0,0.47,0.446,0.654,0.667,0.931
2025,Jaime Jaquez Jr.,MIA,SF,66,1368.0,0.461,0.311,0.513,0.501,0.754
2020,Meyers Leonard,MIA,C,51,1034.0,0.509,0.414,0.623,0.622,0.643
2022,Dewayne Dedmon,MIA,C,67,1065.0,0.566,0.404,0.597,0.598,0.75
2020,Tyler Herro,MIA,SG,55,1508.0,0.428,0.389,0.462,0.52,0.87
2022,Marcus Garrett,MIA,SG,12,128.0,0.238,0.25,0.235,0.262,0.4
2025,Kevin Love,MIA,PF,23,251.0,0.357,0.358,0.354,0.461,0.696
2020,Goran Dragić,MIA,PG,59,1663.0,0.441,0.367,0.505,0.526,0.776
2022,Bam Adebayo,MIA,C,56,1825.0,0.557,0.0,0.562,0.557,0.753
2023,Cody Zeller,MIA,C,15,217.0,0.627,0.0,0.649,0.627,0.686
2020,Kelly Olynyk,MIA,C,67,1300.0,0.462,0.406,0.543,0.582,0.86
2020,Chris Silva,MIA,PF,44,346.0,0.615,0.0,0.64,0.615,0.673
2020,Kendrick Nunn,MIA,PG,67,1962.0,0.439,0.35,0.505,0.514,0.85
2023,Victor Oladipo,MIA,SG,42,1106.0,0.397,0.33,0.471,0.484,0.747
2023,Haywood Highsmith,MIA,PF,54,969.0,0.431,0.339,0.523,0.516,0.464
2023,Tyler Herro,MIA,SG,67,2337.0,0.439,0.378,0.497,0.531,0.934
2025,Alec Burks,MIA,SG,49,863.0,0.424,0.425,0.422,0.587,0.776
2025,Pelle Larsson,MIA,SG,55,782.0,0.438,0.337,0.528,0.517,0.672
2020,Derrick Jones Jr.,MIA,SF,59,1375.0,0.527,0.28,0.677,0.58,0.772
2023,Gabe Vincent,MIA,PG,68,1759.0,0.402,0.334,0.512,0.505,0.872
2022,Kyle Guy,MIA,SG,19,186.0,0.4,0.35,0.48,0.508,0.667
2021,Goran Dragić,MIA,PG,50,1337.0,0.432,0.373,0.479,0.514,0.828
2024,Tyler Herro,MIA,SG,42,1407.0,0.441,0.396,0.478,0.531,0.856
2021,Max Strus,MIA,SF,39,507.0,0.455,0.338,0.897,0.588,0.667
2025,Kel'el Ware,MIA,C,64,1422.0,0.554,0.315,0.629,0.592,0.687
2023,Jamal Cain,MIA,PF,18,240.0,0.561,0.35,0.652,0.614,0.773
2024,Jaime Jaquez Jr.,MIA,SF,75,2113.0,0.489,0.322,0.558,0.536,0.811
2023,Jimmy Butler,MIA,PF,64,2138.0,0.539,0.35,0.564,0.56,0.85
2024,Bam Adebayo,MIA,C,71,2416.0,0.521,0.357,0.528,0.529,0.755
2021,Duncan Robinson,MIA,SF,72,2262.0,0.439,0.408,0.625,0.614,0.827
2024,Haywood Highsmith,MIA,PF,66,1366.0,0.465,0.396,0.562,0.581,0.639
2024,Dru Smith,MIA,SG,9,131.0,0.455,0.412,0.5,0.561,1.0
2020,Jimmy Butler,MIA,SF,58,1959.0,0.455,0.244,0.495,0.474,0.834
2023,Max Strus,MIA,SF,80,2272.0,0.41,0.35,0.559,0.535,0.876
2022,Omer Yurtseven,MIA,C,56,706.0,0.526,0.091,0.547,0.528,0.623
2023,Nikola Jović,MIA,PF,15,204.0,0.406,0.229,0.588,0.464,0.947
2025,Nikola Jović,MIA,PF,46,1156.0,0.456,0.371,0.563,0.56,0.828
2023,Duncan Robinson,MIA,SF,42,691.0,0.371,0.328,0.556,0.504,0.906
2023,Orlando Robinson,MIA,C,31,425.0,0.528,0.0,0.566,0.528,0.71
2020,Aaron Gordon,ORL,PF,62,2017.0,0.437,0.308,0.494,0.484,0.674
2022,Jalen Suggs,ORL,PG,48,1307.0,0.361,0.214,0.443,0.4,0.773
2024,Sidy Cissoko,SAS,SF,12,141.0,0.485,0.083,0.714,0.5,0.8
2020,Stanley Johnson,TOR,PF,25,150.0,0.373,0.292,0.429,0.432,0.563
2021,Pascal Siakam,TOR,PF,56,2006.0,0.455,0.297,0.509,0.493,0.827
2023,Scottie Barnes,TOR,SF,77,2678.0,0.456,0.281,0.505,0.487,0.772
2023,Dalano Banton,TOR,PG,31,279.0,0.423,0.294,0.506,0.481,0.708
2022,Precious Achiuwa,TOR,C,73,1725.0,0.439,0.359,0.468,0.486,0.595
2024,Scottie Barnes,TOR,SG,60,2094.0,0.475,0.341,0.536,0.528,0.781
2023,Otto Porter Jr.,TOR,SF,8,146.0,0.5,0.353,0.692,0.6,1.0
2020,Patrick McCaw,TOR,SF,37,908.0,0.414,0.324,0.484,0.485,0.722
2020,OG Anunoby,TOR,SF,69,2066.0,0.505,0.39,0.583,0.584,0.706
2025,Bruno Fernando,TOR,C,17,147.0,0.531,,0.531,0.531,0.75
2024,Garrett Temple,TOR,SG,27,289.0,0.372,0.3,0.447,0.449,0.818
2022,Khem Birch,TOR,C,55,991.0,0.485,0.0,0.522,0.485,0.746
2022,Pascal Siakam,TOR,PF,68,2578.0,0.494,0.344,0.527,0.525,0.749
2021,Malachi Flynn,TOR,PG,47,928.0,0.374,0.321,0.424,0.453,0.804
2022,Dalano Banton,TOR,PG,64,696.0,0.411,0.255,0.464,0.443,0.591
2023,Chris Boucher,TOR,PF,76,1523.0,0.493,0.328,0.585,0.552,0.762
2020,Malcolm Miller,TOR,SF,28,162.0,0.414,0.364,0.571,0.552,0.375
2025,Gradey Dick,TOR,SG,54,1587.0,0.41,0.35,0.47,0.498,0.858
2022,Scottie Barnes,TOR,PF,74,2617.0,0.492,0.301,0.543,0.524,0.735
2023,Jeff Dowtin,TOR,PG,25,259.0,0.439,0.313,0.488,0.482,0.667
2022,Gary Trent Jr.,TOR,SG,70,2448.0,0.414,0.383,0.445,0.511,0.853
2024,Chris Boucher,TOR,PF,50,705.0,0.507,0.33,0.642,0.578,0.772
2022,Doug McDermott,SAS,PF,51,1223.0,0.462,0.422,0.512,0.578,0.784
2021,Derrick White,SAS,SG,36,1064.0,0.411,0.346,0.486,0.503,0.851
2020,Marco Belinelli,SAS,SG,57,883.0,0.392,0.376,0.412,0.498,0.828
2025,Jeremy Sochan,SAS,PF,54,1364.0,0.535,0.308,0.59,0.565,0.696
2020,Drew Eubanks,SAS,C,22,272.0,0.642,1.0,0.636,0.649,0.769
2021,Trey Lyles,SAS,PF,23,358.0,0.478,0.35,0.58,0.556,0.652
2025,Victor Wembanyama,SAS,C,46,1527.0,0.476,0.352,0.586,0.559,0.836
2024,Zach Collins,SAS,C,69,1526.0,0.484,0.32,0.552,0.531,0.753
2022,Tre Jones,SAS,PG,69,1148.0,0.49,0.196,0.542,0.504,0.78
2021,Dejounte Murray,SAS,PG,67,2139.0,0.453,0.317,0.488,0.485,0.791
2022,Dejounte Murray,SAS,PG,68,2366.0,0.462,0.327,0.504,0.5,0.794
2024,Charles Bassey,SAS,C,19,205.0,0.725,0.0,0.744,0.725,0.833
2022,Fred VanVleet,TOR,PG,65,2462.0,0.403,0.377,0.44,0.513,0.874
2025,Sandro Mamukelashvili,SAS,PF,61,681.0,0.502,0.373,0.675,0.609,0.741
2023,Malaki Branham,SAS,SG,66,1550.0,0.44,0.302,0.539,0.503,0.829
2021,Jakob Poeltl,SAS,C,69,1845.0,0.616,,0.616,0.616,0.508
2025,Blake Wesley,SAS,SG,58,683.0,0.435,0.293,0.5,0.481,0.623
2023,Thaddeus Young,TOR,PF,54,795.0,0.545,0.176,0.622,0.561,0.692
2020,Norman Powell,TOR,SG,52,1479.0,0.495,0.399,0.575,0.586,0.843
2024,Mouhamadou Gueye,TOR,PF,11,120.0,0.289,0.0,0.314,0.289,0.444
2024,Malik Williams,TOR,C,7,107.0,0.265,0.2,0.276,0.279,0.0
2025,Immanuel Quickley,TOR,PG,33,918.0,0.42,0.378,0.465,0.517,0.867
2025,Jakob Poeltl,TOR,C,57,1686.0,0.627,0.333,0.628,0.628,0.674
2023,Khem Birch,TOR,C,20,162.0,0.594,0.5,0.6,0.609,0.8
2025,A.J. Lawson,TOR,SG,26,486.0,0.421,0.327,0.528,0.508,0.683
2021,Aron Baynes,TOR,C,53,980.0,0.441,0.262,0.532,0.485,0.707
2023,Fred VanVleet,TOR,PG,69,2535.0,0.393,0.342,0.455,0.486,0.898
2023,OG Anunoby,TOR,SF,67,2386.0,0.476,0.387,0.539,0.556,0.838
2024,Jakob Poeltl,TOR,C,50,1319.0,0.656,,0.656,0.656,0.551
2021,Kyle Lowry,TOR,PG,46,1601.0,0.436,0.396,0.487,0.546,0.875
2025,Ochai Agbaji,TOR,SG,64,1739.0,0.498,0.399,0.587,0.593,0.708
2022,Svi Mykhailiuk,TOR,SF,56,716.0,0.389,0.306,0.5,0.476,0.865
2023,Pascal Siakam,TOR,PF,71,2652.0,0.48,0.324,0.523,0.515,0.774
2023,Precious Achiuwa,TOR,C,55,1140.0,0.485,0.269,0.564,0.521,0.702
2023,Gary Trent Jr.,TOR,SG,66,2118.0,0.433,0.369,0.493,0.522,0.839
2020,Fred VanVleet,TOR,SG,54,1928.0,0.413,0.39,0.434,0.507,0.848
2020,Marc Gasol,TOR,C,44,1161.0,0.427,0.385,0.473,0.529,0.735
2022,Malachi Flynn,TOR,PG,44,537.0,0.393,0.333,0.452,0.475,0.625
2021,OG Anunoby,TOR,SF,43,1433.0,0.48,0.398,0.562,0.58,0.784
2023,Christian Koloko,TOR,C,58,802.0,0.48,0.083,0.514,0.483,0.627
2024,Jontay Porter,TOR,PF,26,360.0,0.385,0.333,0.455,0.481,0.833
2022,Yuta Watanabe,TOR,SF,38,445.0,0.406,0.342,0.492,0.504,0.6
2020,Rondae Hollis-Jefferson,TOR,PF,60,1122.0,0.471,0.13,0.497,0.476,0.734
2024,Javon Freeman-Liberty,TOR,PG,22,403.0,0.444,0.238,0.549,0.484,0.917
2025,Ja'Kobe Walter,TOR,SG,52,1103.0,0.405,0.349,0.454,0.487,0.795
2020,Terence Davis,TOR,SG,72,1209.0,0.456,0.388,0.541,0.564,0.864
2021,Freddie Gillespie,TOR,PF,20,392.0,0.524,,0.524,0.524,0.697
2022,Justin Champagnie,TOR,SF,36,281.0,0.463,0.357,0.538,0.537,1.0
2024,Gary Trent Jr.,TOR,SG,71,1994.0,0.426,0.393,0.464,0.531,0.771
2021,Jalen Harris,TOR,SG,13,172.0,0.5,0.472,0.528,0.618,0.778
2020,Oshae Brissett,TOR,SF,19,135.0,0.361,0.2,0.476,0.403,0.8
2022,Chris Boucher,TOR,SF,80,1690.0,0.464,0.297,0.575,0.523,0.777
2020,Kyle Lowry,TOR,PG,58,2098.0,0.416,0.352,0.504,0.518,0.857
2020,Chris Boucher,TOR,C,62,819.0,0.472,0.322,0.569,0.535,0.784
2023,Malachi Flynn,TOR,PG,53,691.0,0.36,0.353,0.367,0.457,0.758
2022,OG Anunoby,TOR,SF,48,1728.0,0.443,0.363,0.511,0.526,0.754
2024,Jahmi'us Ramsey,TOR,SG,7,121.0,0.439,0.273,0.632,0.512,0.833
2025,Jonathan Mogbo,TOR,PF,63,1286.0,0.438,0.243,0.486,0.462,0.732
2025,Garrett Temple,TOR,SG,28,227.0,0.3,0.214,0.375,0.35,0.917
2025,Scottie Barnes,TOR,PF,65,2134.0,0.446,0.271,0.508,0.482,0.755
2025,RJ Barrett,TOR,SF,58,1869.0,0.468,0.35,0.522,0.523,0.63
2021,Fred VanVleet,TOR,SG,52,1899.0,0.389,0.366,0.416,0.489,0.885
2024,Gradey Dick,TOR,SG,60,1268.0,0.425,0.365,0.495,0.524,0.863
2025,Jamison Battle,TOR,SF,59,1042.0,0.429,0.405,0.5,0.581,0.889
2021,Luka Šamanić,SAS,PF,33,308.0,0.448,0.279,0.565,0.505,0.552
2021,Lonnie Walker IV,SAS,SG,60,1522.0,0.42,0.355,0.477,0.502,0.814
2025,Jamal Shead,TOR,PG,75,1467.0,0.405,0.323,0.47,0.476,0.768
2020,DeMar DeRozan,SAS,SF,68,2316.0,0.531,0.257,0.54,0.535,0.845
2022,Joe Wieskamp,SAS,SG,29,205.0,0.357,0.326,0.462,0.482,0.538
2024,Jeremy Sochan,SAS,PF,74,2193.0,0.438,0.308,0.492,0.483,0.771
2020,Trey Lyles,SAS,PF,63,1271.0,0.446,0.387,0.503,0.541,0.733
2023,Jeremy Sochan,SAS,PF,56,1458.0,0.453,0.246,0.519,0.483,0.698
2022,Keita Bates-Diop,SAS,SF,59,956.0,0.517,0.309,0.572,0.549,0.754
2025,Bismack Biyombo,SAS,C,28,528.0,0.588,,0.588,0.588,0.4
2023,Devin Vassell,SAS,SG,38,1178.0,0.439,0.387,0.48,0.525,0.78
2021,Drew Eubanks,SAS,C,54,755.0,0.566,1.0,0.562,0.571,0.726
2025,Charles Bassey,SAS,C,36,376.0,0.581,,0.581,0.581,0.636
2020,Derrick White,SAS,SG,68,1677.0,0.458,0.366,0.518,0.53,0.853
2020,Rudy Gay,SAS,PF,67,1461.0,0.446,0.336,0.511,0.508,0.882
2023,Keldon Johnson,SAS,SF,63,2063.0,0.452,0.329,0.523,0.512,0.749
2025,Harrison Barnes,SAS,PF,82,2230.0,0.508,0.433,0.591,0.622,0.809
2020,Patty Mills,SAS,PG,66,1485.0,0.431,0.382,0.533,0.56,0.866
2020,Lonnie Walker IV,SAS,SG,61,988.0,0.426,0.406,0.434,0.483,0.721
2021,Rudy Gay,SAS,PF,63,1358.0,0.42,0.381,0.451,0.505,0.804
2024,Keldon Johnson,SAS,SF,69,2038.0,0.454,0.346,0.533,0.527,0.792
2023,Stanley Johnson,SAS,SF,30,469.0,0.533,0.45,0.573,0.607,0.667
2020,Chimezie Metu,SAS,C,18,105.0,0.571,0.0,0.6,0.571,0.769
2024,Cedi Osman,SAS,SF,72,1269.0,0.479,0.389,0.601,0.591,0.673
2023,Tre Jones,SAS,PG,68,1984.0,0.459,0.285,0.506,0.489,0.86
2021,Keita Bates-Diop,SAS,SF,30,245.0,0.448,0.294,0.5,0.485,0.667
2021,Harrison Barnes,SAC,PF,58,2102.0,0.497,0.391,0.567,0.575,0.83
2023,Domantas Sabonis,SAC,C,79,2736.0,0.615,0.373,0.639,0.632,0.742
2024,Malik Monk,SAC,SG,72,1872.0,0.443,0.35,0.528,0.526,0.829
2024,Davion Mitchell,SAC,PG,72,1101.0,0.452,0.361,0.539,0.54,0.714
2023,Terence Davis,SAC,SG,64,841.0,0.423,0.366,0.537,0.545,0.791
2023,Matthew Dellavedova,SAC,PG,32,213.0,0.34,0.333,0.348,0.43,0.571
2021,Hassan Whiteside,SAC,C,36,546.0,0.563,0.0,0.565,0.563,0.519
2022,Richaun Holmes,SAC,C,45,1074.0,0.66,0.4,0.664,0.663,0.778
2024,Colby Jones,SAC,SG,30,192.0,0.394,0.091,0.531,0.408,0.545
2022,Harrison Barnes,SAC,PF,77,2587.0,0.469,0.394,0.525,0.554,0.826
2023,KZ Okpala,SAC,PF,35,248.0,0.421,0.333,0.529,0.513,0.875
2023,De'Aaron Fox,SAC,PG,73,2435.0,0.512,0.324,0.584,0.557,0.78
2020,Harrison Barnes,SAC,PF,72,2482.0,0.46,0.381,0.501,0.525,0.801
2022,Alex Len,SAC,C,39,620.0,0.534,0.286,0.568,0.551,0.651
2025,DeMar DeRozan,SAC,SF,77,2768.0,0.477,0.328,0.513,0.509,0.857
2020,Marvin Bagley III,SAC,C,13,334.0,0.467,0.182,0.51,0.479,0.806
2025,Jae Crowder,SAC,PF,9,103.0,0.318,0.267,0.429,0.409,0.833
2020,Bryn Forbes,SAS,SG,63,1579.0,0.417,0.388,0.47,0.544,0.833
2022,Jock Landale,SAS,C,54,589.0,0.495,0.326,0.626,0.566,0.829
2024,Tre Jones,SAS,PG,77,2138.0,0.505,0.335,0.584,0.558,0.856
2022,Jakob Poeltl,SAS,C,68,1970.0,0.618,1.0,0.618,0.619,0.495
2024,Devin Vassell,SAS,SG,68,2248.0,0.472,0.372,0.544,0.55,0.801
2021,Keldon Johnson,SAS,SF,69,1968.0,0.479,0.331,0.531,0.522,0.74
2021,Patty Mills,SAS,PG,68,1685.0,0.412,0.375,0.5,0.544,0.91
2024,Julian Champagnie,SAS,SF,74,1468.0,0.408,0.365,0.504,0.534,0.815
2022,Keldon Johnson,SAS,SF,75,2392.0,0.466,0.398,0.51,0.545,0.756
2023,Dominick Barlow,SAS,PF,28,408.0,0.535,0.0,0.561,0.535,0.72
2021,Devin Vassell,SAS,SF,62,1056.0,0.406,0.347,0.464,0.492,0.843
2025,Chris Paul,SAS,PG,82,2292.0,0.427,0.377,0.514,0.547,0.924
2021,Quinndary Weatherspoon,SAS,SG,20,121.0,0.457,0.167,0.517,0.471,0.813
2024,Malaki Branham,SAS,PG,75,1594.0,0.432,0.347,0.494,0.506,0.873
2024,Dominick Barlow,SAS,PF,33,420.0,0.496,0.333,0.51,0.509,0.69
2020,LaMarcus Aldridge,SAS,C,53,1754.0,0.493,0.389,0.519,0.532,0.827
2023,Gorgui Dieng,SAS,C,31,358.0,0.385,0.28,0.571,0.474,0.769
2025,Devin Vassell,SAS,SG,64,1983.0,0.443,0.368,0.513,0.532,0.792
2023,Charles Bassey,SAS,C,35,508.0,0.644,0.375,0.661,0.656,0.595
2023,Keita Bates-Diop,SAS,PF,67,1452.0,0.508,0.394,0.557,0.568,0.793
2024,Sandro Mamukelashvili,SAS,C,46,451.0,0.471,0.297,0.593,0.532,0.735
2022,Devin Vassell,SAS,SF,71,1937.0,0.427,0.361,0.492,0.516,0.838
2025,Keldon Johnson,SAS,SF,77,1838.0,0.482,0.318,0.573,0.538,0.773
2024,Devonte' Graham,SAS,PG,23,313.0,0.352,0.301,0.52,0.468,0.813
2024,Victor Wembanyama,SAS,C,71,2106.0,0.465,0.325,0.534,0.519,0.796
2025,Stephon Castle,SAS,PG,81,2162.0,0.428,0.285,0.501,0.476,0.724
2023,Doug McDermott,SAS,SF,64,1314.0,0.457,0.413,0.516,0.575,0.757
2025,Julian Champagnie,SAS,SF,82,1932.0,0.415,0.371,0.53,0.549,0.904
2024,Blake Wesley,SAS,SG,61,876.0,0.474,0.218,0.563,0.502,0.667
2022,Joshua Primo,SAS,SF,50,965.0,0.374,0.307,0.444,0.452,0.746
2020,Jakob Poeltl,SAS,C,66,1171.0,0.624,,0.624,0.624,0.465
2020,Keldon Johnson,SAS,SF,17,301.0,0.596,0.591,0.597,0.669,0.795
2021,DeMar DeRozan,SAS,PF,61,2056.0,0.495,0.257,0.515,0.505,0.88
2023,Isaiah Roby,SAS,PF,42,474.0,0.432,0.3,0.516,0.49,0.488
2023,Zach Collins,SAS,C,63,1441.0,0.518,0.374,0.571,0.568,0.761
2022,Zach Collins,SAS,C,28,502.0,0.49,0.341,0.544,0.535,0.8
2025,Malaki Branham,SAS,SG,47,427.0,0.458,0.405,0.5,0.547,0.818
2023,Blake Wesley,SAS,SG,37,669.0,0.321,0.385,0.301,0.367,0.591
2022,Devontae Cacok,SAS,PF,15,121.0,0.677,,0.677,0.677,0.571
2021,Tre Jones,SAS,PG,37,269.0,0.474,0.6,0.466,0.494,0.895
2023,Romeo Langford,SAS,SG,43,844.0,0.467,0.262,0.53,0.498,0.696
2020,Dejounte Murray,SAS,PG,66,1687.0,0.462,0.369,0.481,0.494,0.798
2022,Lonnie Walker IV,SAS,SG,70,1612.0,0.407,0.314,0.487,0.48,0.784
2021,Paul Watson,TOR,SF,27,297.0,0.463,0.469,0.444,0.646,0.625
2021,Yuta Watanabe,TOR,SF,50,723.0,0.439,0.4,0.478,0.539,0.828
2020,Al-Farouq Aminu,ORL,PF,18,380.0,0.291,0.25,0.32,0.343,0.655
2024,Omer Yurtseven,UTA,C,48,545.0,0.538,0.208,0.588,0.552,0.679
2024,Justin Champagnie,WAS,SF,15,235.0,0.41,0.289,0.576,0.494,0.8
2020,Rui Hachimura,WAS,PF,48,1444.0,0.466,0.287,0.5,0.489,0.829
2020,Johnathan Williams,WAS,PF,15,180.0,0.559,0.0,0.594,0.559,0.538
2024,Johnny Davis,WAS,SG,50,613.0,0.403,0.35,0.421,0.448,0.583
2025,Corey Kispert,WAS,SF,61,1602.0,0.451,0.364,0.574,0.558,0.852
2021,Ish Smith,WAS,PG,44,924.0,0.434,0.367,0.448,0.465,0.576
2021,Bradley Beal,WAS,SG,60,2147.0,0.485,0.349,0.535,0.532,0.889
2023,Corey Kispert,WAS,SF,74,2093.0,0.497,0.424,0.637,0.637,0.852
2024,Jordan Poole,WAS,SG,78,2346.0,0.413,0.326,0.492,0.491,0.877
2023,Xavier Cooks,WAS,PF,10,126.0,0.607,0.0,0.63,0.607,0.4
2024,Deni Avdija,WAS,SF,75,2257.0,0.506,0.374,0.56,0.56,0.74
2025,Malcolm Brogdon,WAS,PG,24,564.0,0.433,0.286,0.478,0.467,0.88
2025,Jordan Poole,WAS,SG,68,2001.0,0.432,0.378,0.51,0.544,0.883
2020,Garrison Mathews,WAS,SG,18,227.0,0.429,0.413,0.5,0.598,0.912
2025,Bilal Coulibaly,WAS,SF,59,1948.0,0.421,0.281,0.5,0.472,0.746
2022,Deni Avdija,WAS,SF,82,1984.0,0.432,0.317,0.525,0.503,0.757
2021,Anthony Gill,WAS,PF,26,218.0,0.5,0.292,0.639,0.558,0.813
2020,Ian Mahinmi,WAS,C,38,808.0,0.495,0.192,0.538,0.507,0.619
2020,Isaac Bonga,WAS,SF,66,1250.0,0.504,0.352,0.571,0.558,0.812
2025,Tristan Vukcevic,WAS,C,35,513.0,0.496,0.373,0.586,0.574,0.776
2020,Moritz Wagner,WAS,C,45,835.0,0.545,0.313,0.645,0.592,0.821
2024,Eugene Omoruyi,WAS,SF,43,393.0,0.485,0.283,0.562,0.524,0.653
2020,Juwan Morgan,UTA,PF,21,134.0,0.577,0.375,0.667,0.635,0.75
2021,Derrick Favors,UTA,C,68,1039.0,0.638,0.0,0.643,0.638,0.738
2021,Rudy Gobert,UTA,C,71,2187.0,0.675,0.0,0.68,0.675,0.623
2025,Keyonte George,UTA,PG,67,2109.0,0.391,0.343,0.449,0.485,0.818
2022,Daniel Gafford,WAS,C,72,1444.0,0.693,0.0,0.695,0.693,0.699
2023,Johnny Davis,WAS,SG,28,423.0,0.386,0.243,0.485,0.436,0.519
2023,Kyle Kuzma,WAS,PF,64,2239.0,0.448,0.333,0.533,0.518,0.73
2021,Deni Avdija,WAS,SF,54,1257.0,0.417,0.315,0.535,0.502,0.644
2021,Dāvis Bertāns,WAS,PF,57,1464.0,0.404,0.395,0.48,0.581,0.87
2024,Bilal Coulibaly,WAS,SF,63,1715.0,0.435,0.346,0.502,0.509,0.702
2022,Raul Neto,WAS,PG,70,1372.0,0.463,0.292,0.526,0.502,0.769
2020,Isaiah Thomas,WAS,PG,40,925.0,0.408,0.413,0.405,0.5,0.816
2023,Deni Avdija,WAS,SF,76,2020.0,0.437,0.297,0.53,0.497,0.739
2021,Robin Lopez,WAS,C,71,1354.0,0.633,0.278,0.649,0.639,0.723
2024,Jared Butler,WAS,SG,40,566.0,0.488,0.308,0.602,0.547,0.861
2021,Garrison Mathews,WAS,SG,64,1038.0,0.409,0.384,0.538,0.57,0.884
2025,Kyshawn George,WAS,SG,68,1802.0,0.372,0.322,0.464,0.476,0.753
2023,Monte Morris,WAS,PG,62,1695.0,0.48,0.382,0.543,0.555,0.831
2021,Jerome Robinson,WAS,SG,17,305.0,0.295,0.262,0.321,0.353,0.8
2022,Kyle Kuzma,WAS,PF,66,2204.0,0.452,0.341,0.526,0.52,0.712
2021,Russell Westbrook,WAS,PG,65,2369.0,0.439,0.315,0.475,0.474,0.656
2020,Ish Smith,WAS,PG,68,1787.0,0.447,0.367,0.473,0.492,0.721
2021,Isaac Bonga,WAS,SF,40,432.0,0.37,0.277,0.5,0.451,0.625
2022,Corey Kispert,WAS,SF,77,1801.0,0.455,0.35,0.629,0.564,0.871
2020,Troy Brown Jr.,WAS,SF,69,1782.0,0.439,0.341,0.479,0.488,0.784
2023,Kristaps Porziņģis,WAS,C,65,2120.0,0.498,0.385,0.559,0.565,0.851
2020,Thomas Bryant,WAS,C,46,1147.0,0.581,0.407,0.63,0.626,0.741
2024,Tristan Vukcevic,WAS,C,10,153.0,0.433,0.278,0.613,0.507,0.773
2025,Justin Champagnie,WAS,SF,62,1340.0,0.511,0.383,0.624,0.601,0.685
2020,Bradley Beal,WAS,SG,57,2053.0,0.455,0.353,0.515,0.52,0.842
2022,Thomas Bryant,WAS,C,27,439.0,0.52,0.286,0.613,0.561,0.875
2023,Bradley Beal,WAS,SG,50,1673.0,0.506,0.365,0.552,0.551,0.842
2024,Jules Bernard,WAS,SG,19,149.0,0.453,0.379,0.514,0.539,0.556
2023,Delon Wright,WAS,PG,50,1221.0,0.474,0.345,0.564,0.545,0.867
2025,Richaun Holmes,WAS,PF,31,534.0,0.647,0.0,0.662,0.647,0.833
2022,Rui Hachimura,WAS,PF,42,943.0,0.491,0.447,0.512,0.563,0.697
2022,Kentavious Caldwell-Pope,WAS,SG,77,2329.0,0.435,0.39,0.48,0.531,0.89
2022,Anthony Gill,WAS,PF,44,463.0,0.569,0.538,0.578,0.633,0.808
2025,Bub Carrington,WAS,PG,82,2458.0,0.401,0.339,0.475,0.493,0.812
2020,Anžejs Pasečņiks,WAS,C,27,437.0,0.526,0.0,0.54,0.526,0.586
2023,Anthony Gill,WAS,PF,59,624.0,0.538,0.138,0.65,0.553,0.731
2024,Landry Shamet,WAS,SG,46,726.0,0.431,0.338,0.556,0.527,0.826
2025,Anthony Gill,WAS,PF,51,397.0,0.489,0.323,0.579,0.545,0.66
2024,Kyle Kuzma,WAS,PF,70,2281.0,0.463,0.336,0.53,0.521,0.775
2023,Taj Gibson,WAS,C,49,480.0,0.52,0.333,0.564,0.552,0.714
2023,Daniel Gafford,WAS,C,78,1604.0,0.732,,0.732,0.732,0.679
2020,Dāvis Bertāns,WAS,PF,54,1583.0,0.434,0.424,0.471,0.598,0.852
2020,C.J. Miles,WAS,SF,10,161.0,0.322,0.314,0.333,0.415,0.75
2024,Tyus Jones,WAS,PG,66,1933.0,0.489,0.414,0.537,0.569,0.8
2023,Jordan Goodwin,WAS,PG,62,1106.0,0.448,0.322,0.511,0.501,0.768
2022,Bradley Beal,WAS,SG,40,1439.0,0.451,0.3,0.508,0.492,0.833
2021,Thomas Bryant,WAS,C,10,271.0,0.648,0.429,0.714,0.698,0.667
2024,Patrick Baldwin Jr.,WAS,SF,38,493.0,0.381,0.32,0.483,0.481,0.679
2024,Corey Kispert,WAS,SF,80,2067.0,0.486,0.383,0.643,0.602,0.726
2025,Johnny Davis,WAS,SG,34,242.0,0.41,0.241,0.51,0.455,0.6
2020,Gary Payton II,WAS,SF,29,432.0,0.414,0.283,0.5,0.47,0.5
2021,Rui Hachimura,WAS,PF,57,1797.0,0.478,0.328,0.519,0.513,0.77
2021,Raul Neto,WAS,PG,64,1403.0,0.468,0.39,0.512,0.539,0.882
2024,Anthony Gill,WAS,PF,50,466.0,0.469,0.244,0.546,0.5,0.806
2025,Alex Sarr,WAS,C,67,1814.0,0.394,0.308,0.454,0.457,0.679
2020,Admiral Schofield,WAS,PF,33,368.0,0.38,0.311,0.516,0.484,0.667
2020,Donovan Mitchell,UTA,SG,69,2364.0,0.449,0.366,0.494,0.513,0.863
2022,Bojan Bogdanović,UTA,PF,69,2131.0,0.455,0.387,0.524,0.552,0.858
2021,Stanley Johnson,TOR,PF,61,1006.0,0.382,0.328,0.458,0.479,0.8
2020,Rudy Gobert,UTA,C,68,2333.0,0.693,,0.693,0.693,0.63
2023,Jordan Clarkson,UTA,SG,61,1988.0,0.444,0.338,0.53,0.519,0.816
2025,Brice Sensabaugh,UTA,SF,71,1432.0,0.459,0.422,0.52,0.59,0.89
2024,Walker Kessler,UTA,C,64,1493.0,0.654,0.211,0.68,0.66,0.602
2023,Simone Fontecchio,UTA,SF,52,766.0,0.369,0.33,0.43,0.47,0.795
2020,Rayjon Tucker,UTA,SG,20,161.0,0.465,0.176,0.654,0.5,0.826
2022,Hassan Whiteside,UTA,C,65,1162.0,0.652,,0.652,0.652,0.623
2024,Luka Šamanić,UTA,PF,43,404.0,0.38,0.203,0.5,0.421,0.786
2023,Luka Šamanić,UTA,PF,7,161.0,0.456,0.258,0.692,0.526,0.692
2025,Collin Sexton,UTA,SG,63,1758.0,0.48,0.406,0.513,0.543,0.865
2023,Kris Dunn,UTA,PG,22,568.0,0.537,0.472,0.55,0.576,0.774
2021,Mike Conley,UTA,PG,51,1498.0,0.444,0.412,0.479,0.552,0.852
2024,Micah Potter,UTA,PF,16,186.0,0.475,0.429,0.526,0.588,0.75
2024,Brice Sensabaugh,UTA,SF,32,584.0,0.39,0.296,0.495,0.468,0.902
2025,Isaiah Collier,UTA,PG,71,1839.0,0.422,0.249,0.497,0.459,0.682
2025,John Collins,UTA,PF,40,1220.0,0.527,0.399,0.577,0.583,0.848
2021,Jordan Clarkson,UTA,SG,68,1818.0,0.425,0.347,0.523,0.522,0.896
2024,Collin Sexton,UTA,SG,78,2075.0,0.487,0.394,0.53,0.549,0.859
2021,Bojan Bogdanović,UTA,SF,72,2216.0,0.439,0.39,0.487,0.536,0.879
2020,Miye Oni,UTA,SF,10,109.0,0.375,0.368,0.385,0.484,0.8
2020,Royce O'Neale,UTA,SF,71,2049.0,0.433,0.377,0.545,0.559,0.764
2021,Jarrell Brantley,UTA,PF,28,138.0,0.481,0.429,0.542,0.596,1.0
2024,Johnny Juzang,UTA,SG,20,372.0,0.464,0.416,0.576,0.609,0.714
2023,Kelly Olynyk,UTA,C,68,1942.0,0.499,0.394,0.576,0.583,0.853
2021,DeAndre' Bembry,TOR,SF,51,972.0,0.513,0.264,0.589,0.544,0.682
2020,Serge Ibaka,TOR,C,55,1485.0,0.512,0.385,0.559,0.564,0.718
2020,Matt Thomas,TOR,SG,41,440.0,0.487,0.475,0.51,0.643,0.75
2025,Chris Boucher,TOR,PF,50,862.0,0.492,0.363,0.633,0.586,0.782
2021,Chris Boucher,TOR,C,60,1453.0,0.514,0.383,0.609,0.595,0.788
2020,Pascal Siakam,TOR,PF,60,2110.0,0.453,0.359,0.499,0.512,0.792
2024,Otto Porter Jr.,TOR,SF,15,174.0,0.424,0.348,0.6,0.545,1.0
2023,Juancho Hernangómez,TOR,PF,42,614.0,0.421,0.254,0.66,0.496,0.563
2024,Jalen McDaniels,TOR,SF,50,538.0,0.344,0.169,0.449,0.376,0.73
2020,Emmanuel Mudiay,UTA,PG,54,850.0,0.462,0.345,0.504,0.508,0.759
2025,Oscar Tshiebwe,UTA,C,14,255.0,0.6,,0.6,0.6,0.742
2022,Joe Ingles,UTA,SF,45,1122.0,0.404,0.347,0.617,0.54,0.773
2025,Cody Williams,UTA,SG,50,1060.0,0.323,0.259,0.393,0.391,0.725
2023,Collin Sexton,UTA,PG,48,1145.0,0.506,0.393,0.546,0.558,0.819
2023,Rudy Gay,UTA,PF,56,816.0,0.38,0.254,0.484,0.437,0.857
2020,Georges Niang,UTA,PF,66,923.0,0.438,0.4,0.526,0.578,0.833
2022,Udoka Azubuike,UTA,C,17,195.0,0.755,,0.755,0.755,0.545
2024,Lauri Markkanen,UTA,PF,55,1820.0,0.48,0.399,0.559,0.578,0.899
2025,Jordan Clarkson,UTA,SG,37,962.0,0.408,0.362,0.448,0.493,0.797
2020,Joe Ingles,UTA,PF,72,2137.0,0.445,0.399,0.525,0.572,0.787
2023,Talen Horton-Tucker,UTA,SG,65,1313.0,0.419,0.286,0.485,0.467,0.75
2021,Juwan Morgan,UTA,PF,29,147.0,0.467,0.308,0.588,0.533,0.429
2024,Keyonte George,UTA,PG,75,2023.0,0.391,0.334,0.459,0.482,0.848
2022,Rudy Gay,UTA,PF,55,1038.0,0.414,0.345,0.494,0.507,0.785
2022,Donovan Mitchell,UTA,SG,67,2266.0,0.448,0.355,0.533,0.533,0.853
2021,Joe Ingles,UTA,SF,67,1867.0,0.489,0.451,0.59,0.652,0.844
2021,Ersan İlyasova,UTA,PF,17,148.0,0.389,0.439,0.231,0.556,1.0
2023,Lauri Markkanen,UTA,PF,66,2273.0,0.499,0.391,0.585,0.586,0.875
2021,Georges Niang,UTA,PF,72,1154.0,0.437,0.425,0.469,0.59,0.957
2020,Mike Conley,UTA,PG,47,1363.0,0.409,0.375,0.437,0.494,0.827
2024,Talen Horton-Tucker,UTA,PG,51,1009.0,0.396,0.33,0.438,0.46,0.807
2024,John Collins,UTA,PF,68,1901.0,0.532,0.371,0.605,0.59,0.795
2023,Ochai Agbaji,UTA,SG,59,1209.0,0.427,0.355,0.532,0.532,0.812
2024,Jordan Clarkson,UTA,SG,55,1682.0,0.413,0.294,0.485,0.469,0.881
2020,Bojan Bogdanović,UTA,SF,63,2083.0,0.447,0.414,0.479,0.548,0.903
2025,Kyle Filipowski,UTA,C,72,1522.0,0.502,0.35,0.614,0.576,0.65
2025,Lauri Markkanen,UTA,PF,47,1476.0,0.423,0.346,0.525,0.521,0.876
2021,Trent Forrest,UTA,PG,30,302.0,0.451,0.192,0.6,0.486,1.0
2022,Jordan Clarkson,UTA,SG,79,2141.0,0.419,0.318,0.535,0.504,0.828
2022,Mike Conley,UTA,PG,72,2058.0,0.435,0.408,0.464,0.542,0.796
2025,Micah Potter,UTA,C,38,705.0,0.422,0.316,0.703,0.537,0.85
2021,Royce O'Neale,UTA,SF,71,2241.0,0.444,0.385,0.586,0.58,0.848
2021,Miye Oni,UTA,SG,54,519.0,0.354,0.341,0.455,0.505,0.833
2024,Kris Dunn,UTA,PG,66,1249.0,0.47,0.369,0.525,0.535,0.688
2020,Ed Davis,UTA,C,28,303.0,0.478,,0.478,0.478,0.5
2022,Trent Forrest,UTA,PG,60,765.0,0.49,0.185,0.555,0.506,0.792
2023,Walker Kessler,UTA,C,74,1703.0,0.72,0.333,0.723,0.721,0.516
2022,Eric Paschall,UTA,PF,58,736.0,0.485,0.37,0.583,0.57,0.767
2025,Johnny Juzang,UTA,SG,64,1270.0,0.429,0.376,0.534,0.554,0.849
2022,Jared Butler,UTA,SG,42,360.0,0.404,0.318,0.524,0.497,0.688
2023,Udoka Azubuike,UTA,C,36,359.0,0.819,,0.819,0.819,0.35
2024,Taylor Hendricks,UTA,PF,40,856.0,0.45,0.379,0.55,0.56,0.793
2022,Royce O'Neale,UTA,SF,77,2406.0,0.457,0.389,0.609,0.591,0.804
2020,Tony Bradley,UTA,C,58,663.0,0.667,1.0,0.661,0.675,0.652
2023,Johnny Juzang,UTA,SG,18,232.0,0.337,0.238,0.488,0.409,0.5
2025,Elijah Harkless,UTA,SG,10,138.0,0.314,0.28,0.4,0.414,0.5
2025,Walker Kessler,UTA,C,58,1740.0,0.663,0.176,0.706,0.671,0.52
2025,Svi Mykhailiuk,UTA,SF,38,760.0,0.391,0.345,0.485,0.507,0.8
2022,Rudy Gobert,UTA,C,66,2120.0,0.713,0.0,0.718,0.713,0.69
2021,Donovan Mitchell,UTA,PG,53,1771.0,0.438,0.386,0.476,0.52,0.845
2024,Keegan Murray,SAC,SF,77,2588.0,0.454,0.358,0.56,0.548,0.831
2021,Marvin Bagley III,SAC,PF,43,1112.0,0.504,0.343,0.55,0.542,0.575
2020,Kyle O'Quinn,PHI,C,29,313.0,0.494,0.259,0.603,0.535,0.55
2024,Danuel House Jr.,PHI,SF,34,509.0,0.448,0.3,0.582,0.519,0.761
2025,Paul George,PHI,PF,41,1334.0,0.43,0.358,0.493,0.514,0.814
2024,Paul Reed,PHI,C,82,1590.0,0.54,0.368,0.563,0.561,0.718
2021,Seth Curry,PHI,SG,57,1638.0,0.467,0.45,0.485,0.582,0.896
2025,Oshae Brissett,PHI,SF,6,142.0,0.487,0.333,0.619,0.564,0.571
2023,Georges Niang,PHI,PF,78,1512.0,0.442,0.401,0.576,0.596,0.867
2024,Joel Embiid,PHI,C,39,1309.0,0.529,0.388,0.556,0.561,0.883
2020,Tobias Harris,PHI,PF,72,2469.0,0.471,0.367,0.517,0.527,0.806
2023,Furkan Korkmaz,PHI,SG,37,353.0,0.432,0.391,0.462,0.514,0.722
2025,Lonnie Walker IV,PHI,SG,20,477.0,0.42,0.354,0.518,0.526,0.8
2023,Paul Reed,PHI,C,69,755.0,0.593,0.167,0.606,0.596,0.745
2021,Ben Simmons,PHI,PG,58,1877.0,0.557,0.3,0.562,0.56,0.613
2020,Josh Richardson,PHI,SG,55,1693.0,0.43,0.341,0.486,0.496,0.809
2020,Shake Milton,PHI,SG,40,805.0,0.484,0.43,0.535,0.588,0.785
2020,Al Horford,PHI,C,67,2025.0,0.45,0.35,0.516,0.52,0.763
2022,Isaiah Joe,PHI,SG,55,609.0,0.35,0.333,0.405,0.477,0.935
2025,Reggie Jackson,PHI,PG,31,384.0,0.391,0.338,0.458,0.485,0.778
2024,Tyrese Maxey,PHI,PG,70,2626.0,0.45,0.373,0.501,0.524,0.868
2020,Ben Simmons,PHI,PG,57,2017.0,0.58,0.286,0.583,0.581,0.621
2024,Furkan Korkmaz,PHI,SG,35,300.0,0.395,0.35,0.444,0.487,0.7
2023,De'Anthony Melton,PHI,SG,77,2150.0,0.425,0.39,0.484,0.546,0.793
2022,Matisse Thybulle,PHI,SG,66,1685.0,0.5,0.313,0.673,0.575,0.791
2025,Joel Embiid,PHI,C,19,574.0,0.444,0.299,0.492,0.481,0.882
2020,Raul Neto,PHI,PG,54,668.0,0.455,0.386,0.5,0.532,0.83
2025,Eric Gordon,PHI,SG,39,768.0,0.426,0.409,0.463,0.564,0.75
2021,Dwight Howard,PHI,C,69,1196.0,0.587,0.25,0.611,0.596,0.576
2023,Tyrese Maxey,PHI,SG,60,2016.0,0.481,0.434,0.513,0.568,0.845
2025,Andre Drummond,PHI,C,40,751.0,0.5,0.15,0.533,0.506,0.622
2021,Joel Embiid,PHI,C,51,1585.0,0.513,0.377,0.541,0.545,0.859
2024,De'Anthony Melton,PHI,SG,38,1023.0,0.386,0.36,0.425,0.493,0.835
2025,Jeff Dowtin,PHI,PG,41,621.0,0.487,0.4,0.525,0.548,0.733
2022,Charles Bassey,PHI,C,23,168.0,0.638,0.0,0.698,0.638,0.75
2023,Shake Milton,PHI,SG,76,1567.0,0.479,0.378,0.521,0.535,0.853
2020,Furkan Korkmaz,PHI,SG,72,1559.0,0.43,0.402,0.478,0.557,0.755
2020,Mike Scott,PHI,PF,68,1207.0,0.426,0.369,0.519,0.54,0.811
2024,Tobias Harris,PHI,PF,70,2368.0,0.487,0.353,0.537,0.535,0.878
2021,Tobias Harris,PHI,PF,62,2014.0,0.512,0.394,0.546,0.556,0.892
2022,Paul Reed,PHI,C,38,302.0,0.563,0.25,0.591,0.573,0.429
2025,Ricky Council IV,PHI,SF,73,1250.0,0.382,0.258,0.488,0.442,0.804
2021,Danny Green,PHI,SF,69,1934.0,0.412,0.405,0.438,0.573,0.775
2021,Isaiah Joe,PHI,SG,41,383.0,0.361,0.368,0.333,0.508,0.75
2020,Devin Booker,PHO,SG,70,2512.0,0.489,0.354,0.549,0.544,0.919
2025,Mason Plumlee,PHO,C,74,1300.0,0.619,0.0,0.631,0.619,0.648
2023,Chris Paul,PHO,PG,59,1889.0,0.44,0.375,0.482,0.513,0.831
2020,Elie Okobo,PHO,PG,55,719.0,0.398,0.352,0.427,0.467,0.704
2023,Cameron Payne,PHO,PG,48,968.0,0.415,0.368,0.448,0.49,0.766
2024,Udoka Azubuike,PHO,C,16,113.0,0.696,,0.696,0.696,0.231
2023,Landry Shamet,PHO,SG,40,807.0,0.377,0.377,0.376,0.502,0.882
2023,Bismack Biyombo,PHO,C,61,874.0,0.578,,0.578,0.578,0.357
2025,Monte Morris,PHO,PG,45,571.0,0.426,0.36,0.477,0.505,0.857
2022,Deandre Ayton,PHO,C,58,1713.0,0.634,0.368,0.642,0.639,0.746
2020,Ricky Rubio,PHO,PG,65,2016.0,0.415,0.361,0.439,0.471,0.863
2021,Cameron Johnson,PHO,PF,60,1437.0,0.42,0.349,0.581,0.541,0.847
2021,Devin Booker,PHO,SG,67,2270.0,0.484,0.34,0.543,0.533,0.867
2025,Damion Lee,PHO,SG,25,144.0,0.365,0.243,0.486,0.426,0.952
2023,Torrey Craig,PHO,PF,79,1948.0,0.456,0.395,0.518,0.556,0.711
2023,Ish Wainright,PHO,SF,60,915.0,0.37,0.329,0.5,0.496,0.839
2025,Oso Ighodaro,PHO,PF,61,1045.0,0.604,0.0,0.611,0.604,0.58
2020,Ty Jerome,PHO,SG,31,328.0,0.336,0.28,0.381,0.398,0.75
2020,Cameron Johnson,PHO,PF,57,1255.0,0.435,0.39,0.526,0.565,0.807
2022,Abdel Nader,PHO,SF,14,145.0,0.343,0.286,0.381,0.4,0.6
2020,Aron Baynes,PHO,C,42,934.0,0.48,0.351,0.582,0.558,0.747
2020,Mikal Bridges,PHO,SF,73,2042.0,0.51,0.361,0.61,0.583,0.844
2021,Jevon Carter,PHO,PG,60,717.0,0.422,0.371,0.528,0.547,0.571
2024,Jusuf Nurkić,PHO,C,76,2078.0,0.51,0.244,0.555,0.528,0.64
2025,TyTy Washington Jr.,PHO,PG,16,118.0,0.311,0.19,0.417,0.356,0.5
2023,Josh Okogie,PHO,SG,72,1350.0,0.391,0.335,0.442,0.471,0.724
2025,Ryan Dunn,PHO,SF,74,1410.0,0.43,0.311,0.577,0.516,0.487
2021,Cameron Payne,PHO,PG,60,1079.0,0.484,0.44,0.515,0.576,0.893
2021,Chris Paul,PHO,PG,70,2199.0,0.499,0.395,0.543,0.557,0.934
2025,Royce O'Neale,PHO,SF,75,1837.0,0.423,0.406,0.481,0.58,0.731
2025,Kevin Durant,PHO,PF,62,2265.0,0.527,0.43,0.574,0.598,0.839
2024,Bradley Beal,PHO,SG,53,1767.0,0.513,0.43,0.552,0.582,0.813
2024,Kevin Durant,PHO,PF,75,2791.0,0.523,0.413,0.567,0.581,0.856
2024,Nassir Little,PHO,SF,45,458.0,0.46,0.3,0.667,0.544,0.85
2022,Frank Kaminsky,PHO,C,9,181.0,0.545,0.333,0.608,0.583,0.9
2024,Saben Lee,PHO,PG,24,185.0,0.364,0.125,0.462,0.382,0.744
2020,Kelly Oubre Jr.,PHO,SF,56,1933.0,0.452,0.352,0.511,0.517,0.78
2025,Grayson Allen,PHO,SG,64,1544.0,0.448,0.426,0.504,0.6,0.816
2020,Deandre Ayton,PHO,C,38,1236.0,0.546,0.231,0.553,0.548,0.753
2023,Devin Booker,PHO,SG,53,1835.0,0.494,0.351,0.554,0.546,0.855
2024,Grayson Allen,PHO,SG,75,2513.0,0.499,0.461,0.57,0.649,0.878
2021,Jae Crowder,PHO,PF,60,1648.0,0.404,0.389,0.455,0.555,0.76
2020,Cameron Payne,PHO,SG,8,183.0,0.485,0.517,0.462,0.596,0.857
2024,Josh Okogie,PHO,SG,60,960.0,0.417,0.309,0.509,0.488,0.745
2025,Justin Edwards,PHI,SF,44,1155.0,0.455,0.363,0.548,0.546,0.696
2020,Norvel Pelle,PHI,C,24,232.0,0.521,0.0,0.532,0.521,0.5
2021,Tyrese Maxey,PHI,SG,61,935.0,0.462,0.301,0.512,0.498,0.871
2022,R.J. Hampton,ORL,SG,64,1402.0,0.383,0.35,0.405,0.453,0.641
2024,Anthony Black,ORL,PG,69,1164.0,0.466,0.394,0.51,0.54,0.613
2021,Chuma Okeke,ORL,PF,45,1133.0,0.417,0.348,0.47,0.492,0.75
2024,Jonathan Isaac,ORL,PF,58,914.0,0.51,0.375,0.598,0.584,0.72
2025,Trevelin Queen,ORL,SG,31,430.0,0.381,0.286,0.486,0.456,0.857
2021,Markelle Fultz,ORL,PG,8,215.0,0.394,0.25,0.42,0.413,0.895
2021,Robert Franks,ORL,PF,7,101.0,0.464,0.333,0.615,0.554,0.923
2024,Jalen Suggs,ORL,SG,75,2025.0,0.471,0.397,0.556,0.578,0.756
2025,Moritz Wagner,ORL,C,30,564.0,0.562,0.36,0.649,0.616,0.718
2023,Chuma Okeke,ORL,SF,27,518.0,0.352,0.302,0.472,0.459,0.762
2022,Gary Harris,ORL,SG,61,1730.0,0.434,0.384,0.494,0.539,0.874
2023,Admiral Schofield,ORL,PF,37,451.0,0.451,0.324,0.646,0.549,0.913
2025,Cole Anthony,ORL,PG,67,1234.0,0.424,0.353,0.471,0.494,0.823
2021,Michael Carter-Williams,ORL,SG,31,800.0,0.389,0.246,0.431,0.417,0.613
2021,Terrence Ross,ORL,SG,46,1347.0,0.412,0.337,0.469,0.485,0.87
2020,Terrence Ross,ORL,SG,69,1889.0,0.403,0.351,0.48,0.508,0.853
2021,James Ennis III,ORL,SF,41,986.0,0.473,0.433,0.504,0.566,0.805
2024,Goga Bitadze,ORL,C,62,957.0,0.603,0.143,0.636,0.608,0.655
2022,Robin Lopez,ORL,C,36,612.0,0.553,0.333,0.56,0.558,0.593
2022,Hassani Gravett,ORL,PG,8,171.0,0.474,0.423,0.583,0.618,0.75
2022,Ignas Brazdeikis,ORL,SF,42,536.0,0.431,0.31,0.535,0.503,0.656
2025,Tristan Da Silva,ORL,SF,74,1629.0,0.412,0.335,0.488,0.495,0.873
2021,Cole Anthony,ORL,PG,47,1273.0,0.397,0.337,0.424,0.449,0.832
2023,Wendell Carter Jr.,ORL,C,57,1690.0,0.525,0.356,0.624,0.591,0.738
2025,Wendell Carter Jr.,ORL,C,68,1758.0,0.46,0.234,0.568,0.498,0.737
2025,Cory Joseph,ORL,PG,50,612.0,0.403,0.364,0.489,0.529,0.778
2024,Markelle Fultz,ORL,PG,43,910.0,0.472,0.222,0.487,0.479,0.697
2022,Devin Cannady,ORL,PG,5,145.0,0.341,0.405,0.0,0.511,0.714
2025,Goga Bitadze,ORL,C,70,1430.0,0.611,0.107,0.656,0.615,0.639
2023,Moritz Wagner,ORL,C,57,1109.0,0.5,0.313,0.631,0.564,0.841
2023,Jonathan Isaac,ORL,PF,11,124.0,0.415,0.4,0.421,0.472,0.556
2024,Trevelin Queen,ORL,SG,14,165.0,0.368,0.176,0.524,0.408,0.75
2022,Wendell Carter Jr.,ORL,PF,62,1852.0,0.525,0.327,0.615,0.576,0.691
2020,D.J. Augustin,ORL,PG,57,1420.0,0.399,0.348,0.438,0.475,0.89
2020,Wes Iwundu,ORL,SF,52,953.0,0.416,0.341,0.457,0.476,0.804
2020,Jonathan Isaac,ORL,PF,34,980.0,0.47,0.34,0.521,0.518,0.779
2022,Cole Anthony,ORL,PG,65,2059.0,0.391,0.338,0.432,0.464,0.854
2025,Jonathan Isaac,ORL,PF,71,1090.0,0.414,0.258,0.549,0.474,0.682
2023,Jalen Suggs,ORL,SG,53,1246.0,0.419,0.327,0.496,0.493,0.723
2023,Paolo Banchero,ORL,PF,72,2430.0,0.427,0.298,0.471,0.465,0.738
2024,Joe Ingles,ORL,SF,68,1169.0,0.436,0.435,0.439,0.59,0.824
2022,Admiral Schofield,ORL,SF,38,469.0,0.419,0.329,0.56,0.519,0.8
2025,Kentavious Caldwell-Pope,ORL,SG,77,2279.0,0.439,0.342,0.589,0.543,0.863
2023,Kevon Harris,ORL,SG,34,457.0,0.439,0.372,0.484,0.514,0.756
2021,Furkan Korkmaz,PHI,SG,55,1062.0,0.401,0.375,0.445,0.52,0.732
2022,Furkan Korkmaz,PHI,SG,67,1414.0,0.387,0.289,0.515,0.469,0.81
2023,Danuel House Jr.,PHI,SF,56,807.0,0.472,0.336,0.644,0.566,0.75
2023,James Harden,PHI,PG,58,2135.0,0.441,0.385,0.495,0.536,0.867
2023,Montrezl Harrell,PHI,C,57,681.0,0.598,0.0,0.616,0.598,0.693
2022,Shake Milton,PHI,SG,55,1179.0,0.429,0.323,0.481,0.483,0.836
2021,Paul Reed,PHI,PF,26,177.0,0.538,0.0,0.583,0.538,0.5
2022,Danny Green,PHI,SF,62,1353.0,0.394,0.38,0.469,0.555,0.786
2023,P.J. Tucker,PHI,PF,75,1920.0,0.427,0.393,0.482,0.549,0.826
2025,Marcus Bagley,PHI,SF,10,253.0,0.391,0.156,0.595,0.428,0.8
2025,Adem Bona,PHI,C,58,905.0,0.703,0.0,0.707,0.703,0.67
2023,Tobias Harris,PHI,SF,74,2436.0,0.501,0.389,0.57,0.575,0.876
2021,Shake Milton,PHI,SG,63,1461.0,0.45,0.35,0.494,0.503,0.83
2025,Jared McCain,PHI,SG,23,592.0,0.46,0.383,0.532,0.553,0.875
2025,Tyrese Maxey,PHI,PG,52,1960.0,0.437,0.337,0.515,0.511,0.879
2020,Joel Embiid,PHI,C,51,1506.0,0.477,0.331,0.517,0.512,0.807
2025,Kyle Lowry,PHI,PG,35,659.0,0.35,0.33,0.414,0.474,0.818
2021,Matisse Thybulle,PHI,SG,65,1298.0,0.42,0.301,0.59,0.508,0.444
2022,Tyrese Maxey,PHI,PG,75,2650.0,0.485,0.427,0.512,0.552,0.866
2021,Dakota Mathias,PHI,SG,8,123.0,0.396,0.308,0.5,0.479,0.333
2021,Mike Scott,PHI,PF,51,852.0,0.36,0.342,0.411,0.486,0.667
2023,Gary Harris,ORL,SG,48,1184.0,0.45,0.431,0.494,0.603,0.9
2020,Michael Carter-Williams,ORL,SG,45,833.0,0.427,0.293,0.481,0.469,0.832
2023,Bol Bol,ORL,PF,70,1505.0,0.546,0.265,0.633,0.577,0.759
2024,Caleb Houstan,ORL,SF,59,815.0,0.388,0.373,0.615,0.563,0.808
2025,Jalen Suggs,ORL,PG,35,1002.0,0.41,0.314,0.506,0.489,0.882
2024,Paolo Banchero,ORL,PF,80,2799.0,0.455,0.339,0.493,0.497,0.725
2022,Mo Bamba,ORL,C,71,1824.0,0.48,0.381,0.563,0.566,0.781
2022,Joel Embiid,PHI,C,68,2297.0,0.499,0.371,0.529,0.534,0.814
2025,Kelly Oubre Jr.,PHI,SF,60,2078.0,0.47,0.293,0.555,0.518,0.751
2020,Matisse Thybulle,PHI,SG,65,1287.0,0.423,0.357,0.519,0.528,0.61
2024,Kelly Oubre Jr.,PHI,SF,68,2055.0,0.441,0.311,0.517,0.498,0.75
2023,Joel Embiid,PHI,C,66,2284.0,0.548,0.33,0.587,0.573,0.857
2025,Guerschon Yabusele,PHI,C,70,1895.0,0.501,0.38,0.616,0.593,0.725
2022,Tobias Harris,PHI,PF,73,2543.0,0.482,0.367,0.525,0.532,0.842
2024,Jeff Dowtin,PHI,PG,12,142.0,0.556,0.474,0.647,0.681,0.75
2024,Mo Bamba,PHI,C,57,740.0,0.49,0.391,0.537,0.553,0.68
2024,Ricky Council IV,PHI,SG,32,289.0,0.482,0.375,0.525,0.536,0.746
2022,Georges Niang,PHI,PF,76,1736.0,0.437,0.403,0.511,0.575,0.881
2023,Damion Lee,PHO,SG,74,1506.0,0.442,0.445,0.439,0.564,0.904
2022,Chris Paul,PHO,PG,65,2139.0,0.493,0.317,0.559,0.536,0.837
2025,Tyus Jones,PHO,PG,81,2174.0,0.448,0.414,0.496,0.57,0.895
2024,Kris Murray,POR,SF,62,1348.0,0.396,0.268,0.525,0.463,0.661
2021,Damian Lillard,POR,PG,67,2398.0,0.451,0.391,0.519,0.554,0.928
2021,Anfernee Simons,POR,SG,64,1104.0,0.419,0.426,0.403,0.569,0.807
2021,Nassir Little,POR,PF,48,640.0,0.467,0.35,0.575,0.551,0.8
2021,Kyle Guy,SAC,PG,31,235.0,0.33,0.283,0.381,0.403,0.8
2023,Davion Mitchell,SAC,PG,80,1447.0,0.454,0.32,0.584,0.533,0.806
2021,Tyrese Haliburton,SAC,PG,58,1746.0,0.472,0.409,0.529,0.569,0.857
2023,Chimezie Metu,SAC,PF,66,689.0,0.589,0.237,0.663,0.61,0.74
2024,Sasha Vezenkov,SAC,PF,42,511.0,0.44,0.375,0.549,0.558,0.8
2025,Doug McDermott,SAC,SF,42,342.0,0.427,0.436,0.375,0.615,0.6
2020,Yogi Ferrell,SAC,PG,50,530.0,0.42,0.304,0.505,0.484,0.857
2025,Markelle Fultz,SAC,PG,21,184.0,0.418,0.5,0.407,0.448,1.0
2025,Trey Lyles,SAC,PF,69,1349.0,0.42,0.34,0.559,0.528,0.7
2020,De'Aaron Fox,SAC,PG,51,1634.0,0.48,0.292,0.535,0.513,0.705
2023,Keegan Murray,SAC,SF,80,2382.0,0.453,0.411,0.527,0.584,0.765
2024,Kevin Huerter,SAC,SG,64,1562.0,0.443,0.361,0.571,0.553,0.766
2024,Harrison Barnes,SAC,PF,82,2381.0,0.474,0.387,0.571,0.576,0.801
2021,Carmelo Anthony,POR,PF,69,1690.0,0.421,0.409,0.429,0.506,0.89
2025,Jabari Walker,POR,SF,60,749.0,0.515,0.389,0.573,0.576,0.69
2024,Justin Minaya,POR,SF,34,381.0,0.297,0.245,0.4,0.378,0.556
2024,Anfernee Simons,POR,SG,46,1582.0,0.43,0.385,0.472,0.523,0.916
2024,Jerami Grant,POR,PF,54,1830.0,0.451,0.402,0.474,0.516,0.817
2022,Anfernee Simons,POR,SG,57,1681.0,0.443,0.405,0.49,0.555,0.888
2024,Matisse Thybulle,POR,SF,65,1487.0,0.397,0.346,0.535,0.524,0.759
2024,Ibou Badji,POR,C,22,226.0,0.636,,0.636,0.636,0.5
2024,Deandre Ayton,POR,C,55,1784.0,0.57,0.1,0.576,0.571,0.823
2022,Dennis Smith Jr.,POR,PG,37,638.0,0.418,0.222,0.451,0.434,0.656
2021,CJ Elleby,POR,SF,30,192.0,0.379,0.206,0.563,0.432,0.733
2021,Jusuf Nurkić,POR,C,37,880.0,0.514,0.4,0.525,0.532,0.619
2022,Nassir Little,POR,SF,42,1088.0,0.46,0.331,0.584,0.541,0.734
2022,Damian Lillard,POR,PG,29,1056.0,0.402,0.324,0.485,0.486,0.878
2024,Ashton Hagans,POR,PG,19,316.0,0.408,0.32,0.457,0.465,0.824
2021,CJ McCollum,POR,SG,47,1600.0,0.458,0.402,0.509,0.554,0.812
2024,Jabari Walker,POR,SF,72,1700.0,0.46,0.295,0.522,0.5,0.754
2024,Shaedon Sharpe,POR,SG,32,1059.0,0.406,0.333,0.457,0.475,0.824
2024,Scoot Henderson,POR,PG,62,1765.0,0.385,0.325,0.416,0.44,0.819
2022,Trendon Watford,POR,SF,48,869.0,0.532,0.237,0.581,0.549,0.755
2023,John Butler,POR,C,19,221.0,0.321,0.229,0.5,0.396,0.75
2024,Toumani Camara,POR,PF,70,1739.0,0.45,0.337,0.523,0.516,0.758
2022,Jusuf Nurkić,POR,C,56,1579.0,0.535,0.268,0.563,0.548,0.69
2022,Brandon Williams,POR,PG,24,640.0,0.372,0.292,0.42,0.427,0.701
2021,Enes Freedom,POR,C,72,1758.0,0.604,0.25,0.607,0.605,0.774
2022,Maurice Harkless,SAC,SF,47,863.0,0.459,0.307,0.65,0.544,0.714
2020,Harry Giles,SAC,C,46,667.0,0.554,0.0,0.558,0.554,0.776
2023,Malik Monk,SAC,SG,77,1719.0,0.448,0.359,0.538,0.538,0.889
2024,Trey Lyles,SAC,PF,58,1158.0,0.445,0.384,0.578,0.576,0.7
2025,Isaac Jones,SAC,PF,40,304.0,0.651,0.375,0.68,0.669,0.639
2020,Justin James,SAC,SF,36,232.0,0.417,0.31,0.473,0.47,0.476
2025,Malik Monk,SAC,SG,65,2054.0,0.439,0.325,0.534,0.513,0.865
2023,Kevin Huerter,SAC,SG,75,2203.0,0.485,0.402,0.604,0.603,0.725
2021,De'Aaron Fox,SAC,PG,58,2036.0,0.477,0.322,0.539,0.523,0.719
2020,Bogdan Bogdanović,SAC,SG,61,1766.0,0.44,0.372,0.532,0.547,0.741
2025,Keon Ellis,SAC,SG,80,1948.0,0.489,0.433,0.615,0.639,0.849
2025,Domantas Sabonis,SAC,C,70,2429.0,0.59,0.417,0.627,0.627,0.754
2025,Devin Carter,SAC,PG,36,396.0,0.37,0.295,0.439,0.441,0.591
2022,Neemias Queta,SAC,C,15,120.0,0.447,,0.447,0.447,0.647
2020,Nemanja Bjelica,SAC,PF,72,2011.0,0.481,0.419,0.541,0.583,0.821
2024,Domantas Sabonis,SAC,C,82,2928.0,0.594,0.379,0.613,0.609,0.704
2024,Alex Len,SAC,C,48,444.0,0.617,0.0,0.641,0.617,0.588
2021,Glenn Robinson III,SAC,SF,23,369.0,0.424,0.364,0.473,0.505,0.913
2022,Louis King,SAC,SF,10,104.0,0.319,0.296,0.35,0.404,0.7
2024,JaVale McGee,SAC,C,46,339.0,0.598,0.143,0.624,0.602,0.578
2022,Damian Jones,SAC,C,56,1017.0,0.658,0.345,0.696,0.677,0.718
2020,DaQuan Jeffries,SAC,SG,13,141.0,0.5,0.278,0.682,0.563,0.833
2021,Richaun Holmes,SAC,C,61,1782.0,0.637,0.182,0.645,0.638,0.794
2022,Davion Mitchell,SAC,PG,75,2076.0,0.418,0.316,0.48,0.477,0.659
2021,Buddy Hield,SAC,SG,71,2433.0,0.406,0.391,0.446,0.548,0.846
2021,Justin James,SAC,SF,36,310.0,0.468,0.368,0.521,0.532,0.583
2020,Richaun Holmes,SAC,C,44,1242.0,0.648,,0.648,0.648,0.788
2024,De'Aaron Fox,SAC,PG,74,2659.0,0.465,0.369,0.522,0.534,0.738
2022,Chimezie Metu,SAC,C,60,1279.0,0.452,0.306,0.555,0.516,0.78
2023,Alex Len,SAC,C,26,161.0,0.533,0.0,0.571,0.533,0.688
2021,Chimezie Metu,SAC,C,36,488.0,0.508,0.351,0.549,0.545,0.721
2020,Buddy Hield,SAC,SG,72,2216.0,0.429,0.394,0.479,0.545,0.846
2024,Keon Ellis,SAC,SG,57,978.0,0.461,0.417,0.578,0.612,0.743
2023,Richaun Holmes,SAC,C,42,348.0,0.618,0.625,0.617,0.646,0.789
2025,Keegan Murray,SAC,PF,76,2610.0,0.444,0.343,0.566,0.538,0.833
2024,Kessler Edwards,SAC,SF,54,275.0,0.415,0.385,0.467,0.537,0.556
2022,De'Aaron Fox,SAC,PG,59,2083.0,0.473,0.297,0.524,0.506,0.75
2023,Trey Lyles,SAC,PF,74,1247.0,0.458,0.363,0.595,0.565,0.815
2020,Cory Joseph,SAC,PG,72,1759.0,0.415,0.352,0.455,0.483,0.857
2022,Terence Davis,SAC,SG,30,536.0,0.423,0.329,0.542,0.515,0.818
2022,Jahmi'us Ramsey,SAC,SG,19,134.0,0.414,0.278,0.475,0.457,0.5
2023,Harrison Barnes,SAC,PF,82,2662.0,0.473,0.374,0.553,0.556,0.847
2024,Chris Duarte,SAC,SF,59,719.0,0.381,0.346,0.434,0.486,0.788
2024,Rayan Rupert,POR,SG,39,633.0,0.335,0.359,0.313,0.422,0.76
2021,Derrick Jones Jr.,POR,SF,58,1318.0,0.484,0.316,0.619,0.554,0.648
2021,Deandre Ayton,PHO,C,69,2115.0,0.626,0.2,0.639,0.629,0.769
2021,Jalen Smith,PHO,PF,27,156.0,0.44,0.235,0.545,0.48,0.714
2021,E'Twaun Moore,PHO,SG,27,389.0,0.455,0.314,0.512,0.5,0.857
2024,Eric Gordon,PHO,SG,68,1893.0,0.443,0.378,0.561,0.565,0.797
2025,Bradley Beal,PHO,SG,53,1702.0,0.497,0.386,0.565,0.571,0.803
2020,Frank Kaminsky,PHO,C,39,777.0,0.45,0.331,0.53,0.516,0.678
2022,Ish Wainright,PHO,PF,45,359.0,0.394,0.322,0.489,0.486,0.583
2024,Drew Eubanks,PHO,C,75,1169.0,0.601,1.0,0.596,0.607,0.774
2023,Deandre Ayton,PHO,C,67,2035.0,0.589,0.292,0.597,0.592,0.76
2021,Dario Šarić,PHO,C,50,871.0,0.447,0.348,0.512,0.516,0.848
2025,Rayan Rupert,POR,SG,52,460.0,0.408,0.271,0.506,0.465,0.767
2025,Matisse Thybulle,POR,SG,15,312.0,0.477,0.438,0.525,0.597,0.467
2025,Anfernee Simons,POR,SG,70,2292.0,0.426,0.363,0.496,0.521,0.902
2022,Cody Zeller,POR,C,27,355.0,0.567,0.0,0.593,0.567,0.776
2020,Carmelo Anthony,POR,PF,58,1902.0,0.43,0.385,0.448,0.485,0.845
2025,Jerami Grant,POR,PF,47,1524.0,0.373,0.365,0.381,0.467,0.849
2020,Damian Lillard,POR,PG,66,2474.0,0.463,0.401,0.524,0.563,0.888
2020,Nassir Little,POR,PF,48,573.0,0.43,0.237,0.554,0.477,0.636
2022,Keljin Blevins,POR,SF,31,349.0,0.306,0.292,0.333,0.401,0.545
2020,CJ McCollum,POR,SG,70,2556.0,0.451,0.379,0.494,0.522,0.757
2022,Bismack Biyombo,PHO,C,36,506.0,0.593,,0.593,0.593,0.535
2021,Langston Galloway,PHO,SG,40,438.0,0.449,0.424,0.484,0.571,0.957
2020,Jusuf Nurkić,POR,C,8,253.0,0.495,0.2,0.525,0.505,0.886
2022,Landry Shamet,PHO,SG,69,1437.0,0.394,0.368,0.45,0.521,0.84
2022,Cameron Payne,PHO,PG,58,1278.0,0.409,0.336,0.449,0.469,0.843
2025,Devin Booker,PHO,SG,75,2795.0,0.461,0.332,0.542,0.525,0.894
2022,Elfrid Payton,PHO,PG,50,549.0,0.383,0.222,0.401,0.394,0.375
2025,Bol Bol,PHO,PF,36,448.0,0.525,0.344,0.711,0.612,0.769
2022,Cameron Johnson,PHO,PF,66,1730.0,0.46,0.425,0.523,0.596,0.86
2023,Jock Landale,PHO,C,69,979.0,0.528,0.25,0.621,0.559,0.752
2023,Duane Washington Jr.,PHO,SG,31,394.0,0.367,0.36,0.372,0.445,0.667
2022,Jae Crowder,PHO,PF,67,1886.0,0.399,0.348,0.503,0.516,0.789
2021,Mikal Bridges,PHO,SF,72,2348.0,0.543,0.425,0.647,0.643,0.84
2022,Devin Booker,PHO,SG,68,2345.0,0.466,0.383,0.508,0.53,0.868
2020,Cheick Diallo,PHO,C,47,479.0,0.648,0.333,0.655,0.651,0.872
2022,Mikal Bridges,PHO,SF,82,2854.0,0.534,0.369,0.628,0.601,0.834
2021,Frank Kaminsky,PHO,C,47,715.0,0.471,0.365,0.523,0.531,0.617
2025,Collin Gillespie,PHO,PG,33,461.0,0.43,0.433,0.426,0.554,0.864
2022,JaVale McGee,PHO,C,74,1172.0,0.629,0.222,0.637,0.631,0.699
2020,Dario Šarić,PHO,PF,66,1632.0,0.476,0.357,0.568,0.554,0.844
2021,Abdel Nader,PHO,SF,24,355.0,0.491,0.419,0.534,0.569,0.757
2024,Devin Booker,PHO,PG,68,2447.0,0.492,0.364,0.552,0.55,0.886
2024,Bol Bol,PHO,PF,43,469.0,0.616,0.423,0.717,0.689,0.789
2020,Jevon Carter,PHO,PG,58,945.0,0.416,0.425,0.402,0.543,0.852
2023,Jusuf Nurkić,POR,C,52,1391.0,0.519,0.361,0.567,0.561,0.661
2025,Donovan Clingan,POR,C,67,1324.0,0.539,0.286,0.582,0.56,0.596
2024,Robert Williams,POR,C,6,119.0,0.654,,0.654,0.654,0.778
2022,Kris Dunn,POR,PG,14,336.0,0.431,0.091,0.473,0.436,0.944
2023,Keon Johnson,POR,SG,40,416.0,0.376,0.346,0.402,0.455,0.659
2020,Mario Hezonja,POR,PF,53,871.0,0.422,0.308,0.486,0.477,0.814
2020,Jaylen Hoard,POR,PF,13,103.0,0.469,0.0,0.517,0.469,0.615
2020,Rodney Hood,POR,SF,21,619.0,0.506,0.493,0.515,0.608,0.778
2023,Damian Lillard,POR,PG,58,2107.0,0.463,0.371,0.574,0.564,0.914
2023,Nassir Little,POR,SF,54,976.0,0.442,0.367,0.524,0.538,0.717
2023,Skylar Mays,POR,PG,6,189.0,0.5,0.462,0.524,0.588,0.923
2022,Greg Brown III,POR,SF,48,640.0,0.426,0.311,0.481,0.476,0.677
2025,Shaedon Sharpe,POR,SG,72,2252.0,0.452,0.311,0.557,0.519,0.785
2021,Harry Giles,POR,C,38,348.0,0.433,0.348,0.459,0.474,0.593
2021,Robert Covington,POR,PF,70,2243.0,0.401,0.379,0.451,0.533,0.806
2022,Ben McLemore,POR,SG,64,1285.0,0.401,0.362,0.533,0.541,0.818
2024,Malcolm Brogdon,POR,PG,39,1121.0,0.44,0.412,0.458,0.522,0.819
2021,Rondae Hollis-Jefferson,POR,PF,11,107.0,0.5,0.0,0.529,0.5,0.563
2025,Robert Williams,POR,C,20,351.0,0.641,0.333,0.653,0.647,0.882
2024,Duop Reath,POR,C,68,1214.0,0.461,0.359,0.559,0.549,0.742
2024,Moses Brown,POR,C,22,200.0,0.508,,0.508,0.508,0.29
2022,CJ Elleby,POR,SF,58,1174.0,0.393,0.294,0.462,0.453,0.714
2020,Zach Collins,POR,PF,11,290.0,0.471,0.368,0.51,0.522,0.75
2025,Toumani Camara,POR,PF,78,2548.0,0.458,0.375,0.542,0.552,0.722
2023,Shaedon Sharpe,POR,SG,80,1779.0,0.472,0.36,0.559,0.551,0.714
2023,Justise Winslow,POR,PF,29,776.0,0.409,0.311,0.438,0.444,0.714
2023,Jeenathan Williams,POR,SG,5,127.0,0.615,0.375,0.677,0.654,0.667
2020,Anfernee Simons,POR,SG,70,1449.0,0.399,0.332,0.448,0.469,0.826
2023,Trendon Watford,POR,PF,62,1182.0,0.56,0.391,0.602,0.599,0.72
2020,Gary Trent Jr.,POR,SF,61,1332.0,0.444,0.418,0.486,0.571,0.822
2023,Jabari Walker,POR,SF,56,619.0,0.419,0.286,0.472,0.46,0.756
2025,Dalano Banton,POR,PG,67,1120.0,0.391,0.324,0.442,0.462,0.728
2025,Deandre Ayton,POR,C,40,1206.0,0.566,0.188,0.594,0.573,0.667
2020,Hassan Whiteside,POR,C,67,2008.0,0.621,0.571,0.622,0.624,0.686
2025,Deni Avdija,POR,SF,72,2161.0,0.476,0.365,0.552,0.55,0.78
2023,Anfernee Simons,POR,SG,62,2171.0,0.447,0.377,0.528,0.548,0.894
2025,Justin Minaya,POR,SF,19,101.0,0.381,0.2,0.545,0.429,0.0
2020,Skal Labissière,POR,C,33,567.0,0.551,0.231,0.582,0.561,0.758
2023,Drew Eubanks,POR,C,78,1584.0,0.641,0.389,0.655,0.651,0.664
2025,Scoot Henderson,POR,PG,66,1759.0,0.419,0.354,0.469,0.496,0.767
2025,Duop Reath,POR,C,46,469.0,0.422,0.321,0.6,0.524,0.909
2023,Jerami Grant,POR,PF,63,2246.0,0.475,0.401,0.523,0.554,0.813
2025,Kris Murray,POR,SF,69,1040.0,0.419,0.225,0.566,0.468,0.456
2023,Shaquille Harrison,POR,SG,5,120.0,0.417,0.3,0.462,0.458,0.733
2024,Amir Coffey,LAC,SF,70,1460.0,0.472,0.38,0.571,0.571,0.859
2024,Kobe Brown,LAC,PF,44,394.0,0.411,0.292,0.548,0.489,0.5
2023,Kawhi Leonard,LAC,SF,52,1748.0,0.512,0.416,0.551,0.572,0.871
2021,Danilo Gallinari,ATL,PF,51,1222.0,0.434,0.406,0.466,0.542,0.925
2022,De'Andre Hunter,ATL,SF,53,1577.0,0.442,0.379,0.474,0.506,0.765
2021,De'Andre Hunter,ATL,SF,23,678.0,0.484,0.326,0.582,0.546,0.859
2025,Jalen Johnson,ATL,SF,36,1284.0,0.5,0.312,0.566,0.541,0.746
2021,Cam Reddish,ATL,SF,26,750.0,0.365,0.262,0.46,0.428,0.817
2025,Garrison Mathews,ATL,SG,47,830.0,0.397,0.39,0.436,0.562,0.821
2021,Bruno Fernando,ATL,C,33,226.0,0.409,0.0,0.429,0.409,0.682
2021,Tristan Thompson,BOS,C,54,1287.0,0.518,0.0,0.523,0.518,0.592
2022,Jabari Parker,BOS,PF,12,112.0,0.474,0.5,0.455,0.579,1.0
2021,Carsen Edwards,BOS,SG,31,276.0,0.423,0.286,0.604,0.505,0.846
2021,Aaron Nesmith,BOS,SF,46,669.0,0.438,0.37,0.543,0.551,0.786
2024,Al Horford,BOS,C,65,1740.0,0.511,0.419,0.658,0.64,0.867
2022,Grant Williams,BOS,PF,77,1875.0,0.475,0.411,0.569,0.597,0.905
2024,Sam Hauser,BOS,SF,79,1741.0,0.446,0.424,0.559,0.623,0.895
2024,Jayson Tatum,BOS,PF,74,2645.0,0.471,0.376,0.542,0.552,0.833
2025,Xavier Tillman Sr.,BOS,C,33,231.0,0.245,0.156,0.381,0.292,0.75
2022,Robert Williams,BOS,C,61,1804.0,0.736,0.0,0.738,0.736,0.722
2024,Jrue Holiday,BOS,PG,69,2263.0,0.48,0.429,0.526,0.581,0.833
2024,Payton Pritchard,BOS,PG,82,1825.0,0.468,0.385,0.593,0.583,0.821
2025,Kobe Bufkin,ATL,SG,10,124.0,0.383,0.211,0.5,0.426,0.722
2022,Kevin Huerter,ATL,SF,74,2188.0,0.454,0.389,0.53,0.559,0.808
2024,Saddiq Bey,ATL,SF,63,2062.0,0.416,0.316,0.522,0.497,0.837
2023,AJ Griffin,ATL,SF,72,1401.0,0.465,0.39,0.536,0.56,0.894
2024,AJ Griffin,ATL,SF,20,171.0,0.29,0.256,0.348,0.371,1.0
2025,Vit Krejci,ATL,PG,57,1153.0,0.497,0.437,0.64,0.651,0.711
2024,Kobe Bufkin,ATL,SG,17,196.0,0.37,0.225,0.481,0.418,0.5
2025,Dyson Daniels,ATL,SG,76,2571.0,0.493,0.34,0.545,0.536,0.593
2020,John Collins,ATL,PF,41,1363.0,0.583,0.401,0.642,0.632,0.8
2023,De'Andre Hunter,ATL,SF,67,2126.0,0.461,0.35,0.521,0.522,0.826
2021,Solomon Hill,ATL,PF,71,1513.0,0.359,0.321,0.453,0.473,0.761
2022,Delon Wright,ATL,SG,77,1452.0,0.454,0.379,0.51,0.535,0.857
2021,Onyeka Okongwu,ATL,C,50,601.0,0.644,0.0,0.658,0.644,0.632
2025,Onyeka Okongwu,ATL,C,74,2064.0,0.567,0.324,0.634,0.602,0.759
2024,Bruno Fernando,ATL,C,45,682.0,0.583,0.0,0.596,0.583,0.667
2021,Brandon Goodwin,ATL,PG,47,620.0,0.377,0.311,0.433,0.448,0.651
2023,Jalen Johnson,ATL,SF,70,1042.0,0.491,0.288,0.587,0.537,0.628
2021,Kevin Huerter,ATL,SG,69,2126.0,0.432,0.363,0.51,0.528,0.781
2025,Clint Capela,ATL,C,55,1176.0,0.559,0.0,0.56,0.559,0.536
2023,Onyeka Okongwu,ATL,C,80,1849.0,0.638,0.308,0.647,0.642,0.781
2024,Jalen Johnson,ATL,SF,56,1889.0,0.511,0.355,0.574,0.562,0.728
2023,Malcolm Brogdon,BOS,PG,67,1744.0,0.484,0.444,0.51,0.574,0.87
2022,Jayson Tatum,BOS,SF,76,2731.0,0.453,0.353,0.524,0.526,0.853
2021,Semi Ojeleye,BOS,PF,56,950.0,0.403,0.367,0.492,0.534,0.75
2025,Kristaps Porziņģis,BOS,C,42,1210.0,0.483,0.412,0.537,0.572,0.809
2023,Al Horford,BOS,C,63,1922.0,0.476,0.446,0.539,0.627,0.714
2025,Al Horford,BOS,C,60,1659.0,0.423,0.363,0.551,0.547,0.895
2020,Carsen Edwards,BOS,SG,37,351.0,0.328,0.316,0.346,0.422,0.684
2023,Blake Griffin,BOS,C,41,569.0,0.485,0.348,0.625,0.573,0.656
2022,Sam Hauser,BOS,SF,26,158.0,0.46,0.432,0.667,0.65,
2022,Al Horford,BOS,C,69,2005.0,0.467,0.336,0.582,0.546,0.842
2020,Jaylen Brown,BOS,SG,57,1934.0,0.481,0.382,0.543,0.554,0.724
2025,Drew Peterson,BOS,PF,25,186.0,0.415,0.394,0.5,0.573,0.778
2025,Payton Pritchard,BOS,PG,80,2271.0,0.472,0.407,0.642,0.62,0.845
2023,Justin Jackson,BOS,SF,23,107.0,0.259,0.25,0.286,0.352,0.5
2025,Neemias Queta,BOS,C,62,863.0,0.65,0.0,0.66,0.65,0.754
2023,Sam Hauser,BOS,SF,80,1290.0,0.455,0.418,0.656,0.631,0.706
2020,Enes Freedom,BOS,C,58,983.0,0.572,0.143,0.581,0.573,0.707
2025,Jrue Holiday,BOS,PG,62,1896.0,0.443,0.353,0.547,0.538,0.909
2025,Sam Hauser,BOS,PF,71,1541.0,0.451,0.416,0.64,0.627,1.0
2020,Robert Williams,BOS,C,29,388.0,0.727,,0.727,0.727,0.647
2023,Marcus Smart,BOS,PG,61,1957.0,0.415,0.336,0.519,0.511,0.746
2023,Jayson Tatum,BOS,SF,74,2732.0,0.466,0.35,0.558,0.543,0.854
2020,Grant Williams,BOS,PF,69,1043.0,0.412,0.25,0.548,0.469,0.722
2020,Tremont Waters,BOS,PG,11,119.0,0.286,0.167,0.4,0.327,1.0
2025,Luke Kornet,BOS,C,73,1361.0,0.668,0.0,0.675,0.668,0.691
2020,Javonte Green,BOS,SG,48,468.0,0.5,0.273,0.581,0.536,0.667
2024,Luke Kornet,BOS,C,63,983.0,0.7,1.0,0.698,0.702,0.907
2021,Tacko Fall,BOS,C,19,136.0,0.724,,0.724,0.724,0.333
2021,Marcus Smart,BOS,PG,48,1581.0,0.398,0.33,0.482,0.489,0.79
2025,Derrick White,BOS,SG,76,2574.0,0.442,0.384,0.593,0.58,0.839
2024,Jaylen Brown,BOS,SF,70,2343.0,0.499,0.354,0.57,0.557,0.703
2022,Aaron Nesmith,BOS,SF,52,574.0,0.396,0.27,0.612,0.481,0.808
2024,Derrick White,BOS,SG,73,2381.0,0.461,0.396,0.555,0.578,0.901
2025,Jordan Walsh,BOS,PF,52,403.0,0.361,0.273,0.536,0.452,0.583
2021,Payton Pritchard,BOS,SG,66,1268.0,0.44,0.411,0.482,0.562,0.889
2021,Jayson Tatum,BOS,SF,64,2290.0,0.459,0.386,0.502,0.53,0.868
2024,Kristaps Porziņģis,BOS,C,57,1690.0,0.516,0.375,0.606,0.589,0.858
2020,Gordon Hayward,BOS,SF,52,1740.0,0.5,0.383,0.554,0.561,0.855
2024,Neemias Queta,BOS,C,28,333.0,0.644,,0.644,0.644,0.714
2021,Romeo Langford,BOS,SG,18,283.0,0.356,0.278,0.39,0.398,0.75
2022,Payton Pritchard,BOS,PG,71,1001.0,0.429,0.412,0.461,0.564,1.0
2022,Marcus Smart,BOS,PG,71,2296.0,0.418,0.331,0.506,0.501,0.793
2024,Oshae Brissett,BOS,SF,55,630.0,0.444,0.273,0.541,0.493,0.602
2024,Svi Mykhailiuk,BOS,SF,41,413.0,0.416,0.389,0.517,0.569,0.667
2023,Jaylen Brown,BOS,SF,67,2405.0,0.491,0.335,0.576,0.55,0.765
2023,Luke Kornet,BOS,C,69,804.0,0.665,0.231,0.701,0.674,0.821
2024,De'Andre Hunter,ATL,SF,57,1681.0,0.459,0.385,0.521,0.547,0.847
2024,Bogdan Bogdanović,ATL,SG,79,2401.0,0.428,0.374,0.503,0.537,0.921
2020,Kemba Walker,BOS,PG,56,1742.0,0.425,0.381,0.476,0.526,0.864
2024,Trae Young,ATL,PG,54,1942.0,0.43,0.373,0.479,0.516,0.855
2024,Dejounte Murray,ATL,SG,78,2783.0,0.459,0.363,0.518,0.528,0.794
2020,Kevin Huerter,ATL,SG,56,1760.0,0.413,0.38,0.453,0.517,0.828
2021,Tony Snell,ATL,SG,47,992.0,0.515,0.569,0.419,0.696,1.0
2023,Jarrett Culver,ATL,SF,10,137.0,0.395,0.083,0.516,0.407,0.692
2020,Bruno Fernando,ATL,C,56,713.0,0.518,0.135,0.605,0.53,0.569
2021,Trae Young,ATL,PG,63,2125.0,0.438,0.343,0.491,0.499,0.886
2022,Gorgui Dieng,ATL,C,44,371.0,0.473,0.426,0.545,0.603,0.731
2020,Brandon Goodwin,ATL,PG,34,430.0,0.4,0.299,0.485,0.468,0.933
2020,Cam Reddish,ATL,SF,58,1551.0,0.384,0.332,0.428,0.459,0.802
2021,Bogdan Bogdanović,ATL,SG,44,1305.0,0.473,0.438,0.522,0.602,0.909
2020,Tyrone Wallace,ATL,SG,14,160.0,0.318,0.067,0.448,0.33,0.647
2025,Keaton Wallace,ATL,PG,31,501.0,0.401,0.329,0.475,0.485,1.0
2025,Dominick Barlow,ATL,SF,35,375.0,0.531,0.259,0.616,0.562,0.636
2025,Mouhamed Gueye,ATL,PF,33,533.0,0.421,0.259,0.567,0.482,0.762
2023,Vit Krejci,ATL,PG,29,165.0,0.405,0.238,0.625,0.473,0.5
2021,John Collins,ATL,PF,63,1848.0,0.556,0.399,0.615,0.61,0.833
2023,John Collins,ATL,PF,71,2130.0,0.508,0.292,0.619,0.557,0.803
2021,Nathan Knight,ATL,PF,33,279.0,0.37,0.182,0.463,0.4,0.8
2022,Skylar Mays,ATL,SG,28,220.0,0.5,0.32,0.615,0.563,0.889
2023,Trae Young,ATL,PG,73,2541.0,0.429,0.335,0.476,0.485,0.886
2020,Vince Carter,ATL,PF,60,876.0,0.352,0.302,0.451,0.452,0.793
2021,Skylar Mays,ATL,SG,33,269.0,0.449,0.35,0.517,0.52,0.88
2025,Larry Nance Jr.,ATL,PF,24,463.0,0.516,0.447,0.582,0.626,0.692
2022,Onyeka Okongwu,ATL,C,48,992.0,0.69,,0.69,0.69,0.727
2024,Clint Capela,ATL,C,73,1883.0,0.571,0.0,0.572,0.571,0.631
2022,Solomon Hill,ATL,SF,13,139.0,0.15,0.154,0.143,0.2,
2022,Trae Young,ATL,PG,76,2652.0,0.46,0.382,0.512,0.536,0.904
2023,Trent Forrest,ATL,SG,23,277.0,0.417,0.0,0.431,0.417,0.667
2024,Onyeka Okongwu,ATL,C,55,1405.0,0.611,0.333,0.676,0.642,0.793
2020,De'Andre Hunter,ATL,SF,63,2018.0,0.41,0.355,0.454,0.489,0.764
2022,Timothé Luwawu-Cabarrot,ATL,SF,52,685.0,0.398,0.361,0.469,0.516,0.854
2023,Dejounte Murray,ATL,SG,74,2693.0,0.464,0.344,0.514,0.514,0.832
2020,DeAndre' Bembry,ATL,SG,43,915.0,0.456,0.231,0.546,0.489,0.542
2025,Trae Young,ATL,PG,76,2739.0,0.411,0.34,0.474,0.491,0.875
2020,Evan Turner,ATL,SG,19,251.0,0.373,0.0,0.403,0.373,0.857
2022,Clint Capela,ATL,C,74,2042.0,0.613,0.0,0.614,0.613,0.473
2024,Vit Krejci,ATL,PG,22,541.0,0.49,0.412,0.639,0.625,0.833
2025,Zaccharie Risacher,ATL,SF,75,1843.0,0.458,0.355,0.54,0.537,0.711
2022,Danilo Gallinari,ATL,PF,66,1672.0,0.434,0.381,0.485,0.528,0.904
2022,Lou Williams,ATL,PG,56,799.0,0.391,0.363,0.404,0.448,0.859
2022,Jalen Johnson,ATL,PF,22,120.0,0.537,0.231,0.679,0.573,0.714
2023,Clint Capela,ATL,C,65,1730.0,0.653,0.0,0.654,0.653,0.603
2024,Trent Forrest,ATL,SG,38,414.0,0.378,0.2,0.4,0.389,0.765
2023,Aaron Holiday,ATL,PG,63,845.0,0.418,0.409,0.424,0.5,0.844
2020,Damian Jones,ATL,C,55,887.0,0.68,0.222,0.704,0.685,0.738
2022,Bogdan Bogdanović,ATL,SG,63,1848.0,0.431,0.368,0.516,0.537,0.843
2022,John Collins,ATL,PF,54,1663.0,0.526,0.364,0.588,0.576,0.793
2021,Clint Capela,ATL,C,63,1898.0,0.594,,0.594,0.594,0.573
2024,Garrison Mathews,ATL,SG,66,992.0,0.456,0.44,0.545,0.644,0.81
2020,Trae Young,ATL,PG,60,2120.0,0.437,0.361,0.501,0.519,0.86
2024,Wesley Matthews,ATL,SG,36,413.0,0.351,0.348,0.357,0.474,0.75
2023,Bogdan Bogdanović,ATL,SG,54,1508.0,0.447,0.406,0.506,0.566,0.831
2020,Brad Wanamaker,BOS,PG,71,1369.0,0.448,0.363,0.481,0.499,0.926
2023,Noah Vonleh,BOS,C,23,171.0,0.458,0.25,0.5,0.479,1.0
2021,Ryan Arcidiacono,CHI,PG,44,450.0,0.419,0.373,0.48,0.526,0.65
2024,Zach LaVine,CHI,SG,25,872.0,0.452,0.349,0.536,0.531,0.854
2023,Nikola Vučević,CHI,C,82,2746.0,0.52,0.349,0.594,0.573,0.835
2020,Denzel Valentine,CHI,SF,36,488.0,0.409,0.336,0.51,0.506,0.75
2023,Dalen Terry,CHI,SG,38,214.0,0.444,0.259,0.556,0.493,0.667
2022,Zach LaVine,CHI,SG,67,2328.0,0.476,0.389,0.534,0.554,0.853
2025,Lonzo Ball,CHI,PG,35,777.0,0.366,0.344,0.458,0.504,0.815
2020,Coby White,CHI,PG,65,1674.0,0.394,0.354,0.43,0.478,0.791
2021,Denzel Valentine,CHI,SG,62,1036.0,0.373,0.331,0.431,0.469,0.941
2020,Thaddeus Young,CHI,PF,64,1591.0,0.448,0.356,0.501,0.513,0.583
2023,Coby White,CHI,SG,74,1730.0,0.443,0.372,0.54,0.551,0.871
2020,Tomáš Satoranský,CHI,SG,65,1878.0,0.43,0.322,0.491,0.488,0.876
2025,Matas Buzelis,CHI,SF,80,1511.0,0.454,0.361,0.54,0.541,0.815
2022,Matt Thomas,CHI,SG,40,459.0,0.41,0.385,0.465,0.541,0.8
2024,Javonte Green,CHI,SF,9,230.0,0.6,0.37,0.729,0.667,0.769
2022,Nikola Vučević,CHI,C,73,2418.0,0.473,0.314,0.537,0.518,0.76
2022,Tony Bradley,CHI,C,55,549.0,0.585,,0.585,0.585,0.655
2020,Adam Mokoka,CHI,SF,11,112.0,0.429,0.4,0.462,0.536,0.5
2020,Lauri Markkanen,CHI,PF,50,1492.0,0.425,0.344,0.518,0.517,0.824
2024,Julian Phillips,CHI,SF,40,323.0,0.416,0.316,0.513,0.494,0.684
2023,Zach LaVine,CHI,SG,77,2768.0,0.485,0.375,0.556,0.558,0.848
2025,Cameron Johnson,BRK,PF,57,1800.0,0.475,0.39,0.578,0.582,0.893
2020,Rodions Kurucs,BRK,PF,47,684.0,0.446,0.367,0.529,0.54,0.632
2023,Nic Claxton,BRK,C,76,2271.0,0.705,0.0,0.708,0.705,0.541
2023,Yuta Watanabe,BRK,SF,58,928.0,0.491,0.444,0.557,0.621,0.723
2020,Iman Shumpert,BRK,SF,13,241.0,0.328,0.242,0.419,0.391,0.571
2022,Kevin Durant,BRK,PF,55,2047.0,0.518,0.383,0.568,0.57,0.91
2023,David Duke Jr.,BRK,SG,23,228.0,0.462,0.083,0.53,0.468,0.706
2021,Kevin Durant,BRK,PF,35,1157.0,0.537,0.45,0.577,0.608,0.882
2020,Garrett Temple,BRK,SG,62,1730.0,0.378,0.329,0.473,0.486,0.805
2024,Ben Simmons,BRK,PG,15,359.0,0.581,,0.581,0.581,0.4
2025,Drew Timme,BRK,PF,9,254.0,0.441,0.257,0.537,0.485,0.625
2022,Tyler Cook,CHI,PF,20,200.0,0.605,,0.605,0.605,0.656
2022,Nic Claxton,BRK,C,47,974.0,0.674,,0.674,0.674,0.581
2025,Josh Giddey,CHI,PG,70,2117.0,0.465,0.378,0.512,0.531,0.781
2020,Luke Kornet,CHI,C,36,559.0,0.439,0.287,0.646,0.521,0.714
2022,Troy Brown Jr.,CHI,SF,66,1055.0,0.419,0.353,0.488,0.51,0.769
2022,Alex Caruso,CHI,SG,41,1147.0,0.398,0.333,0.462,0.48,0.795
2025,Talen Horton-Tucker,CHI,SG,58,724.0,0.457,0.336,0.544,0.527,0.735
2020,Zach LaVine,CHI,SF,60,2085.0,0.45,0.38,0.497,0.526,0.802
2025,Ayo Dosunmu,CHI,SG,46,1394.0,0.492,0.328,0.612,0.561,0.785
2022,Coby White,CHI,PG,61,1675.0,0.433,0.385,0.491,0.539,0.857
2020,Kris Dunn,CHI,PG,51,1269.0,0.444,0.259,0.535,0.487,0.741
2023,Ayo Dosunmu,CHI,SG,80,2098.0,0.493,0.312,0.583,0.545,0.805
2023,DeMar DeRozan,CHI,SF,74,2682.0,0.504,0.324,0.526,0.522,0.872
2021,Patrick Williams,CHI,PF,71,1983.0,0.483,0.391,0.515,0.534,0.728
2024,Onuralp Bitim,CHI,SG,23,268.0,0.381,0.273,0.5,0.452,0.8
2023,Derrick Jones Jr.,CHI,PF,64,893.0,0.5,0.338,0.587,0.559,0.738
2024,Ayo Dosunmu,CHI,SG,76,2212.0,0.501,0.403,0.568,0.583,0.81
2020,Chandler Hutchison,CHI,SF,28,527.0,0.457,0.316,0.496,0.491,0.59
2021,Thaddeus Young,CHI,PF,68,1652.0,0.559,0.267,0.58,0.568,0.628
2022,Javonte Green,CHI,SF,65,1519.0,0.542,0.356,0.625,0.597,0.833
2022,DeMar DeRozan,CHI,PF,76,2743.0,0.504,0.352,0.52,0.521,0.877
2022,Derrick Jones Jr.,CHI,PF,51,899.0,0.538,0.328,0.634,0.59,0.8
2022,Ayo Dosunmu,CHI,SG,77,2110.0,0.52,0.376,0.596,0.585,0.679
2024,Dalen Terry,CHI,SG,59,681.0,0.439,0.23,0.627,0.494,0.581
2024,Andre Drummond,CHI,C,79,1351.0,0.556,0.0,0.56,0.556,0.592
2020,Daniel Gafford,CHI,C,43,609.0,0.701,,0.701,0.701,0.533
2024,Terry Taylor,CHI,PF,31,188.0,0.513,0.222,0.6,0.538,0.8
2024,Jevon Carter,CHI,PG,72,1004.0,0.378,0.329,0.466,0.484,0.571
2023,Andre Drummond,CHI,C,67,849.0,0.606,0.0,0.613,0.606,0.536
2022,Patrick Williams,CHI,PF,17,422.0,0.529,0.517,0.534,0.603,0.732
2025,Jalen Smith,CHI,C,64,962.0,0.466,0.324,0.634,0.554,0.809
2020,Otto Porter Jr.,CHI,SF,14,331.0,0.443,0.387,0.487,0.529,0.704
2023,Patrick Williams,CHI,PF,82,2323.0,0.464,0.415,0.498,0.549,0.857
2025,Jevon Carter,CHI,PG,36,321.0,0.377,0.333,0.488,0.497,0.8
2022,Lonzo Ball,CHI,PG,35,1212.0,0.423,0.423,0.423,0.567,0.75
2023,Alex Caruso,CHI,PG,67,1575.0,0.455,0.364,0.556,0.551,0.808
2024,Torrey Craig,CHI,SF,53,1049.0,0.43,0.392,0.49,0.55,0.75
2022,Alfonzo McKinnie,CHI,SF,17,206.0,0.393,0.333,0.441,0.467,0.25
2020,Shaquille Harrison,CHI,SG,43,484.0,0.467,0.381,0.496,0.515,0.78
2024,Patrick Williams,CHI,PF,43,1174.0,0.443,0.399,0.474,0.525,0.788
2024,Alex Caruso,CHI,SG,71,2040.0,0.468,0.408,0.563,0.593,0.76
2020,Ryan Arcidiacono,CHI,PG,58,930.0,0.409,0.391,0.439,0.532,0.711
2024,Nikola Vučević,CHI,C,76,2610.0,0.484,0.294,0.55,0.522,0.822
2021,Lauri Markkanen,CHI,PF,51,1317.0,0.48,0.402,0.582,0.594,0.826
2021,Garrett Temple,CHI,SG,56,1528.0,0.415,0.335,0.503,0.503,0.8
2025,Patrick Williams,CHI,PF,63,1576.0,0.397,0.353,0.447,0.49,0.723
2025,Nikola Vučević,CHI,C,73,2278.0,0.53,0.402,0.587,0.592,0.805
2021,Tomáš Satoranský,CHI,SG,58,1307.0,0.514,0.356,0.602,0.578,0.848
2020,Wendell Carter Jr.,CHI,C,43,1256.0,0.534,0.207,0.564,0.542,0.737
2020,Wilson Chandler,BRK,PF,35,734.0,0.404,0.306,0.597,0.505,0.87
2020,Daniel Theis,BOS,C,65,1566.0,0.566,0.333,0.633,0.603,0.763
2021,Reggie Perry,BRK,PF,26,211.0,0.41,0.19,0.491,0.436,0.769
2020,David Nwaba,BRK,SF,20,268.0,0.521,0.429,0.581,0.606,0.667
2023,Royce O'Neale,BRK,SF,76,2409.0,0.386,0.389,0.379,0.524,0.725
2023,Joe Harris,BRK,SF,74,1527.0,0.457,0.426,0.551,0.618,0.643
2021,Mike James,BRK,PG,13,236.0,0.37,0.355,0.377,0.429,0.778
2020,Nic Claxton,BRK,C,15,187.0,0.563,0.143,0.634,0.573,0.524
2024,Jalen Wilson,BRK,PF,43,664.0,0.425,0.324,0.495,0.492,0.826
2020,Taurean Prince,BRK,PF,64,1857.0,0.376,0.339,0.429,0.475,0.798
2024,Day'Ron Sharpe,BRK,C,61,921.0,0.571,0.267,0.588,0.578,0.61
2021,Alize Johnson,BRK,PF,18,189.0,0.588,0.167,0.629,0.596,1.0
2020,Theo Pinson,BRK,SG,33,365.0,0.29,0.188,0.4,0.339,0.938
2025,Nic Claxton,BRK,C,70,1882.0,0.563,0.238,0.576,0.568,0.513
2025,Noah Clowney,BRK,PF,46,1042.0,0.358,0.333,0.414,0.474,0.838
2024,Trendon Watford,BRK,PF,63,856.0,0.527,0.397,0.564,0.571,0.794
2022,Blake Griffin,BRK,C,56,958.0,0.425,0.262,0.565,0.486,0.724
2022,LaMarcus Aldridge,BRK,C,47,1050.0,0.55,0.304,0.578,0.566,0.873
2021,Jeff Green,BRK,PF,68,1835.0,0.492,0.412,0.564,0.59,0.776
2022,James Johnson,BRK,PF,62,1191.0,0.469,0.271,0.545,0.507,0.527
2020,Džanan Musa,BRK,SF,40,487.0,0.372,0.244,0.479,0.427,0.75
2022,Bruce Brown,BRK,SF,72,1774.0,0.506,0.404,0.529,0.543,0.758
2024,Nic Claxton,BRK,C,71,2116.0,0.629,0.2,0.633,0.63,0.551
2020,Spencer Dinwiddie,BRK,PG,64,1994.0,0.415,0.308,0.485,0.476,0.778
2025,Tyrese Martin,BRK,SG,60,1315.0,0.406,0.351,0.492,0.513,0.793
2022,Jaylen Brown,BOS,SF,66,2220.0,0.473,0.358,0.544,0.541,0.758
2020,Jayson Tatum,BOS,PF,66,2265.0,0.45,0.403,0.48,0.527,0.812
2025,Jaylen Brown,BOS,SF,63,2158.0,0.463,0.324,0.529,0.515,0.764
2020,Marcus Smart,BOS,SG,60,1919.0,0.375,0.347,0.415,0.476,0.836
2023,Derrick White,BOS,SG,82,2319.0,0.462,0.381,0.548,0.56,0.875
2023,Grant Williams,BOS,PF,79,2045.0,0.454,0.395,0.546,0.575,0.77
2023,Robert Williams,BOS,C,35,824.0,0.747,0.0,0.751,0.747,0.61
2023,Payton Pritchard,BOS,PG,48,643.0,0.412,0.364,0.495,0.527,0.75
2020,Vincent Poirier,BOS,C,22,130.0,0.472,0.5,0.471,0.486,0.857
2020,Semi Ojeleye,BOS,PF,69,1011.0,0.408,0.378,0.464,0.531,0.875
2020,Romeo Langford,BOS,SG,32,370.0,0.35,0.185,0.434,0.381,0.72
2020,Joe Harris,BRK,SF,69,2123.0,0.486,0.424,0.553,0.596,0.719
2021,Jaylen Brown,BOS,SG,58,1999.0,0.484,0.397,0.536,0.558,0.764
2021,Kemba Walker,BOS,PG,43,1369.0,0.42,0.36,0.486,0.514,0.899
2021,Robert Williams,BOS,C,52,985.0,0.721,0.0,0.727,0.721,0.616
2025,Baylor Scheierman,BOS,SG,31,384.0,0.355,0.317,0.464,0.473,0.75
2022,Enes Freedom,BOS,C,35,411.0,0.526,0.4,0.533,0.536,0.857
2025,Jayson Tatum,BOS,PF,72,2624.0,0.452,0.343,0.559,0.537,0.814
2021,Tremont Waters,BOS,PG,26,238.0,0.405,0.395,0.413,0.494,0.941
2021,Grant Williams,BOS,PF,63,1138.0,0.437,0.372,0.508,0.534,0.588
2022,David Duke Jr.,BRK,PG,22,341.0,0.361,0.243,0.423,0.403,0.81
2025,Tosan Evbuomwan,BRK,SF,28,665.0,0.427,0.312,0.49,0.482,0.753
2020,Jarrett Allen,BRK,C,70,1852.0,0.649,0.0,0.658,0.649,0.633
2021,Nic Claxton,BRK,C,32,594.0,0.621,0.2,0.636,0.624,0.484
2024,Dorian Finney-Smith,BRK,PF,68,1934.0,0.421,0.348,0.56,0.535,0.717
2025,Trendon Watford,BRK,PF,44,913.0,0.469,0.33,0.515,0.51,0.762
2023,Edmond Sumner,BRK,SG,53,736.0,0.461,0.356,0.511,0.519,0.917
2020,Kyrie Irving,BRK,PG,20,658.0,0.478,0.394,0.522,0.546,0.922
2021,Bruce Brown,BRK,PG,65,1451.0,0.556,0.288,0.599,0.576,0.735
2024,Dennis Smith Jr.,BRK,PG,56,1059.0,0.435,0.294,0.502,0.482,0.741
2023,Seth Curry,BRK,SG,61,1211.0,0.463,0.405,0.525,0.568,0.927
2025,Dariq Whitehead,BRK,SF,20,246.0,0.406,0.446,0.273,0.578,0.6
2025,Cam Thomas,BRK,SG,25,781.0,0.438,0.349,0.506,0.513,0.881
2020,Justin Anderson,BRK,SG,10,107.0,0.263,0.207,0.444,0.342,0.5
2023,Cam Thomas,BRK,SG,57,948.0,0.441,0.383,0.464,0.497,0.868
2021,Chris Chiozza,BRK,PG,22,232.0,0.352,0.31,0.391,0.426,0.765
2021,Landry Shamet,BRK,SG,61,1403.0,0.408,0.387,0.463,0.549,0.846
2025,Killian Hayes,BRK,PG,6,162.0,0.419,0.381,0.455,0.512,0.833
2022,Day'Ron Sharpe,BRK,PF,32,391.0,0.577,0.286,0.592,0.584,0.585
2024,Cameron Johnson,BRK,PF,58,1599.0,0.446,0.391,0.519,0.557,0.789
2021,Tyler Johnson,BRK,SG,39,684.0,0.393,0.364,0.471,0.525,0.857
2022,Kyrie Irving,BRK,PG,29,1091.0,0.469,0.418,0.501,0.55,0.915
2020,DeAndre Jordan,BRK,C,56,1234.0,0.666,,0.666,0.666,0.68
2020,Caris LeVert,BRK,SG,45,1330.0,0.425,0.364,0.451,0.48,0.711
2024,Armoni Brooks,BRK,PG,10,104.0,0.326,0.344,0.286,0.446,0.5
2023,Patty Mills,BRK,PG,40,567.0,0.411,0.366,0.493,0.529,0.833
2020,Timothé Luwawu-Cabarrot,BRK,SF,47,853.0,0.435,0.388,0.505,0.55,0.852
2022,Kessler Edwards,BRK,SF,48,987.0,0.412,0.353,0.473,0.502,0.842
2021,Kyrie Irving,BRK,PG,54,1886.0,0.506,0.402,0.561,0.576,0.922
2022,Cam Thomas,BRK,SG,67,1176.0,0.433,0.27,0.52,0.48,0.829
2025,Tyson Etienne,BRK,PG,7,151.0,0.327,0.295,0.5,0.452,0.8
2024,Cam Thomas,BRK,SG,66,2075.0,0.442,0.364,0.481,0.503,0.856
2024,Mikal Bridges,BRK,SF,82,2854.0,0.436,0.372,0.49,0.521,0.814
2021,Timothé Luwawu-Cabarrot,BRK,SF,58,1050.0,0.365,0.314,0.47,0.471,0.814
2024,Noah Clowney,BRK,PF,23,370.0,0.538,0.364,0.633,0.602,0.7
2024,Lonnie Walker IV,BRK,SG,58,1011.0,0.423,0.384,0.471,0.528,0.763
2023,Day'Ron Sharpe,BRK,C,48,552.0,0.544,0.545,0.544,0.561,0.636
2021,Joe Harris,BRK,SF,69,2141.0,0.505,0.475,0.555,0.654,0.778
2025,Day'Ron Sharpe,BRK,C,50,907.0,0.521,0.244,0.566,0.538,0.757
2022,Joe Harris,BRK,SF,14,423.0,0.452,0.466,0.417,0.617,0.833
2025,Keon Johnson,BRK,SG,79,1925.0,0.389,0.314,0.468,0.47,0.77
2022,Patty Mills,BRK,SG,81,2346.0,0.408,0.4,0.429,0.551,0.814
2023,Ben Simmons,BRK,PG,42,1105.0,0.566,0.0,0.571,0.566,0.439
2025,Ziaire Williams,BRK,SF,63,1541.0,0.412,0.341,0.509,0.511,0.821
2025,Jalen Wilson,BRK,PF,79,2031.0,0.397,0.337,0.481,0.495,0.818
2021,DeAndre Jordan,BRK,C,57,1246.0,0.763,0.0,0.766,0.763,0.5
2021,Coby White,CHI,PG,69,2156.0,0.416,0.359,0.473,0.506,0.901
2024,Coby White,CHI,PG,79,2881.0,0.447,0.376,0.508,0.534,0.838
2023,Anthony Lamb,GSW,SF,62,1195.0,0.471,0.367,0.652,0.588,0.767
2021,Draymond Green,GSW,PF,63,1982.0,0.447,0.27,0.535,0.492,0.795
2024,Brandin Podziemski,GSW,SG,74,1968.0,0.454,0.385,0.499,0.529,0.633
2024,Trayce Jackson-Davis,GSW,PF,68,1130.0,0.702,0.0,0.704,0.702,0.561
2021,Kent Bazemore,GSW,SF,67,1333.0,0.449,0.408,0.486,0.545,0.692
2022,Moses Moody,GSW,SG,52,607.0,0.437,0.364,0.548,0.546,0.778
2022,Kevon Looney,GSW,C,82,1732.0,0.571,0.0,0.573,0.571,0.6
2024,Cory Joseph,GSW,PG,26,296.0,0.359,0.31,0.455,0.461,0.571
2021,Juan Toscano-Anderson,GSW,SG,53,1107.0,0.579,0.402,0.718,0.667,0.71
2022,Damion Lee,GSW,SG,63,1256.0,0.441,0.337,0.541,0.523,0.88
2021,Jordan Poole,GSW,SG,51,988.0,0.432,0.351,0.545,0.535,0.882
2021,Eric Paschall,GSW,PF,40,695.0,0.497,0.333,0.533,0.527,0.713
2022,Andrew Wiggins,GSW,SF,73,2329.0,0.466,0.393,0.513,0.543,0.634
2024,Gary Payton II,GSW,SG,44,680.0,0.563,0.364,0.648,0.617,0.609
2022,Andre Iguodala,GSW,SF,31,603.0,0.38,0.23,0.617,0.45,0.75
2025,Gary Payton II,GSW,SG,62,927.0,0.574,0.326,0.69,0.626,0.711
2024,Dario Šarić,GSW,C,64,1098.0,0.466,0.376,0.56,0.562,0.849
2024,Stephen Curry,GSW,PG,74,2421.0,0.45,0.408,0.515,0.573,0.923
2020,Ky Bowman,GSW,PG,45,1015.0,0.417,0.308,0.472,0.469,0.829
2021,Damion Lee,GSW,SG,57,1079.0,0.467,0.397,0.638,0.608,0.909
2023,Patrick Baldwin Jr.,GSW,SF,31,226.0,0.394,0.381,0.44,0.541,0.667
2024,Chris Paul,GSW,PG,58,1531.0,0.441,0.371,0.498,0.525,0.827
2022,Jonathan Kuminga,GSW,SF,70,1185.0,0.513,0.336,0.598,0.567,0.684
2022,Draymond Green,GSW,PF,46,1329.0,0.525,0.296,0.586,0.556,0.659
2025,Draymond Green,GSW,PF,68,1983.0,0.424,0.325,0.517,0.503,0.687
2021,James Wiseman,GSW,C,39,836.0,0.519,0.316,0.542,0.535,0.628
2025,Gui Santos,GSW,PF,56,762.0,0.458,0.33,0.632,0.553,0.69
2025,Pat Spencer,GSW,PG,39,250.0,0.406,0.227,0.456,0.431,0.733
2022,Gary Payton II,GSW,SG,71,1247.0,0.616,0.358,0.754,0.679,0.603
2022,Juan Toscano-Anderson,GSW,SF,73,994.0,0.489,0.322,0.588,0.549,0.571
2024,Moses Moody,GSW,SG,66,1156.0,0.462,0.36,0.555,0.548,0.785
2021,Andrew Wiggins,GSW,PF,71,2364.0,0.477,0.38,0.529,0.543,0.714
2024,Jonathan Kuminga,GSW,PF,74,1949.0,0.529,0.321,0.578,0.56,0.746
2024,Draymond Green,GSW,PF,55,1490.0,0.497,0.395,0.551,0.566,0.73
2024,Lester Quiñones,GSW,SG,37,394.0,0.397,0.364,0.453,0.511,0.69
2024,Andrew Wiggins,GSW,SF,71,1920.0,0.453,0.358,0.498,0.511,0.751
2022,Otto Porter Jr.,GSW,PF,63,1396.0,0.464,0.37,0.565,0.56,0.803
2021,Mychal Mulder,GSW,PG,60,766.0,0.449,0.397,0.667,0.609,0.636
2021,Stephen Curry,GSW,PG,63,2152.0,0.482,0.421,0.569,0.605,0.916
2022,Klay Thompson,GSW,SG,32,941.0,0.429,0.385,0.477,0.529,0.902
2022,Jordan Poole,GSW,SG,76,2283.0,0.448,0.364,0.55,0.548,0.925
2023,Stephen Curry,GSW,PG,56,1941.0,0.493,0.427,0.579,0.614,0.915
2021,Kelly Oubre Jr.,GSW,SF,55,1687.0,0.439,0.316,0.519,0.501,0.695
2025,Brandin Podziemski,GSW,SG,64,1716.0,0.445,0.372,0.516,0.537,0.758
2023,Donte DiVincenzo,GSW,SG,72,1894.0,0.435,0.397,0.525,0.574,0.817
2024,Gui Santos,GSW,PF,23,192.0,0.509,0.37,0.643,0.6,0.941
2021,Justin Patton,HOU,C,13,247.0,0.414,0.265,0.556,0.479,0.75
2023,Boban Marjanović,HOU,C,31,171.0,0.683,0.0,0.695,0.683,0.741
2021,Danuel House Jr.,HOU,SF,36,932.0,0.404,0.346,0.483,0.504,0.651
2025,Jalen Green,HOU,SG,82,2697.0,0.423,0.354,0.482,0.505,0.813
2024,Dillon Brooks,HOU,SF,72,2227.0,0.428,0.359,0.492,0.515,0.844
2022,Josh Christopher,HOU,SG,74,1334.0,0.448,0.296,0.54,0.504,0.735
2023,KJ Martin,HOU,SF,82,2292.0,0.569,0.315,0.679,0.617,0.68
2021,David Nwaba,HOU,SF,30,679.0,0.486,0.27,0.574,0.525,0.691
2024,Cam Whitmore,HOU,SF,47,880.0,0.454,0.359,0.538,0.539,0.679
2022,Kevin Porter Jr.,HOU,PG,61,1907.0,0.415,0.375,0.456,0.511,0.642
2022,Alperen Şengün,HOU,C,72,1489.0,0.474,0.248,0.539,0.502,0.711
2024,Reggie Bullock,HOU,SF,44,417.0,0.415,0.403,0.467,0.579,1.0
2024,Amen Thompson,HOU,SF,62,1388.0,0.536,0.138,0.595,0.545,0.684
2024,Jeenathan Williams,HOU,SG,22,129.0,0.54,0.4,0.556,0.56,0.538
2025,Aaron Holiday,HOU,PG,62,792.0,0.437,0.398,0.517,0.571,0.829
2024,Jalen Green,HOU,SG,82,2601.0,0.423,0.332,0.498,0.498,0.804
2021,KJ Martin,HOU,SF,45,1068.0,0.509,0.365,0.572,0.564,0.714
2022,Jae'Sean Tate,HOU,PF,78,2056.0,0.498,0.312,0.569,0.541,0.707
2024,Alperen Şengün,HOU,C,63,2046.0,0.537,0.297,0.567,0.553,0.693
2024,Jeff Green,HOU,PF,78,1307.0,0.456,0.331,0.553,0.529,0.819
2021,Kevin Porter Jr.,HOU,SG,26,835.0,0.425,0.311,0.515,0.493,0.734
2021,Kevon Looney,GSW,C,61,1161.0,0.548,0.235,0.578,0.558,0.646
2022,Daishen Nix,HOU,SG,24,261.0,0.403,0.269,0.488,0.455,0.533
2024,Kevon Looney,GSW,C,74,1195.0,0.597,0.0,0.599,0.597,0.675
2021,Nico Mannion,GSW,PG,30,364.0,0.342,0.367,0.315,0.439,0.821
2024,Klay Thompson,GSW,SF,77,2284.0,0.432,0.387,0.503,0.551,0.927
2025,Quinten Post,GSW,PF,42,686.0,0.449,0.408,0.526,0.582,0.778
2023,Daishen Nix,HOU,PG,57,914.0,0.342,0.286,0.423,0.426,0.667
2022,David Nwaba,HOU,SF,46,609.0,0.483,0.306,0.551,0.526,0.716
2023,Kevin Porter Jr.,HOU,PG,59,2024.0,0.442,0.366,0.501,0.522,0.784
2024,Jae'Sean Tate,HOU,SF,65,1031.0,0.472,0.299,0.559,0.522,0.667
2020,Clint Capela,HOU,C,39,1279.0,0.629,,0.629,0.629,0.529
2020,Danuel House Jr.,HOU,SF,63,1913.0,0.427,0.363,0.549,0.546,0.811
2025,Cam Whitmore,HOU,SF,51,827.0,0.444,0.355,0.518,0.525,0.75
2020,Ben McLemore,HOU,SF,71,1619.0,0.444,0.4,0.656,0.61,0.746
2024,Jabari Smith Jr.,HOU,PF,76,2424.0,0.454,0.363,0.53,0.537,0.811
2025,Tari Eason,HOU,PF,57,1420.0,0.487,0.342,0.557,0.543,0.76
2025,Jeenathan Williams,HOU,SG,20,147.0,0.435,0.231,0.583,0.484,0.625
2024,Tari Eason,HOU,PF,22,480.0,0.466,0.36,0.504,0.513,0.636
2021,Eric Gordon,HOU,SG,27,789.0,0.433,0.329,0.573,0.527,0.825
2024,Aaron Holiday,HOU,PG,78,1269.0,0.446,0.387,0.51,0.547,0.921
2020,Mychal Mulder,GSW,SF,7,204.0,0.388,0.308,0.667,0.507,0.75
2020,Bruce Brown,DET,PG,58,1634.0,0.443,0.344,0.47,0.48,0.739
2023,Andrew Wiggins,GSW,SF,37,1190.0,0.473,0.396,0.53,0.557,0.611
2024,James Wiseman,DET,C,63,1091.0,0.613,0.0,0.617,0.613,0.706
2021,Frank Jackson,DET,PG,40,738.0,0.457,0.407,0.51,0.561,0.813
2020,Svi Mykhailiuk,DET,SF,56,1265.0,0.41,0.404,0.425,0.552,0.814
2021,Mason Plumlee,DET,C,56,1499.0,0.614,0.0,0.626,0.614,0.669
2022,Saddiq Bey,DET,SF,82,2704.0,0.396,0.346,0.454,0.489,0.827
2022,Cassius Stanley,DET,SG,9,155.0,0.413,0.235,0.517,0.457,1.0
2021,Deividas Sirvydis,DET,SG,20,133.0,0.35,0.357,0.333,0.475,0.5
2022,Rodney McGruder,DET,SG,51,754.0,0.436,0.397,0.506,0.564,0.731
2023,Cory Joseph,DET,PG,62,1227.0,0.427,0.389,0.468,0.527,0.792
2024,Ausar Thompson,DET,SF,63,1583.0,0.483,0.186,0.575,0.505,0.597
2022,Kelly Olynyk,DET,C,40,764.0,0.448,0.336,0.527,0.517,0.775
2024,Jalen Duren,DET,C,61,1777.0,0.619,0.0,0.623,0.619,0.79
2020,Blake Griffin,DET,PF,18,512.0,0.352,0.243,0.439,0.406,0.776
2025,Simone Fontecchio,DET,SF,75,1237.0,0.402,0.335,0.507,0.504,0.833
2025,Jaden Ivey,DET,SG,30,898.0,0.46,0.409,0.49,0.536,0.733
2025,Ausar Thompson,DET,SF,59,1328.0,0.535,0.224,0.572,0.547,0.641
2021,Saben Lee,DET,PG,48,781.0,0.471,0.348,0.487,0.49,0.685
2021,Isaiah Stewart,DET,C,68,1455.0,0.553,0.333,0.592,0.578,0.696
2025,Jalen Duren,DET,C,78,2034.0,0.692,,0.692,0.692,0.669
2024,Marcus Sasser,DET,PG,71,1351.0,0.428,0.375,0.474,0.516,0.879
2023,Isaiah Livers,DET,PF,52,1199.0,0.417,0.365,0.541,0.545,0.821
2025,Tim Hardaway Jr.,DET,SG,77,2153.0,0.406,0.368,0.484,0.529,0.855
2020,Christian Wood,DET,PF,62,1325.0,0.567,0.386,0.636,0.62,0.744
2022,Killian Hayes,DET,PG,66,1647.0,0.383,0.263,0.452,0.431,0.77
2022,Jerami Grant,DET,PF,47,1500.0,0.426,0.358,0.465,0.491,0.838
2021,Saddiq Bey,DET,SF,70,1909.0,0.404,0.38,0.45,0.53,0.844
2022,Derrick Walton,DET,PG,3,108.0,0.231,0.231,0.231,0.288,1.0
2021,Wayne Ellington,DET,SG,46,1012.0,0.441,0.422,0.524,0.612,0.8
2021,Rodney McGruder,DET,SG,16,194.0,0.529,0.458,0.565,0.607,0.75
2021,Josh Jackson,DET,SG,62,1560.0,0.419,0.3,0.487,0.473,0.729
2023,Hamidou Diallo,DET,SF,56,996.0,0.573,0.238,0.593,0.58,0.588
2022,Frank Jackson,DET,PG,53,1164.0,0.402,0.308,0.529,0.491,0.827
2021,Sekou Doumbouya,DET,PF,56,869.0,0.379,0.226,0.485,0.426,0.703
2025,Tobias Harris,DET,PF,73,2305.0,0.477,0.345,0.542,0.534,0.861
2020,Tony Snell,DET,SF,59,1641.0,0.445,0.402,0.531,0.579,1.0
2024,Kevin Knox,DET,SF,31,560.0,0.462,0.33,0.598,0.546,0.909
2020,Luke Kennard,DET,SG,28,922.0,0.442,0.399,0.491,0.548,0.893
2024,Jared Rhoden,DET,SG,17,245.0,0.5,0.387,0.6,0.591,0.625
2022,Isaiah Stewart,DET,C,71,1816.0,0.51,0.326,0.529,0.526,0.718
2020,Thon Maker,DET,C,60,776.0,0.482,0.344,0.55,0.539,0.664
2023,Jaden Ivey,DET,SG,74,2304.0,0.416,0.343,0.457,0.477,0.747
2025,Buddy Hield,GSW,SG,82,1863.0,0.417,0.37,0.527,0.546,0.828
2020,Draymond Green,GSW,PF,43,1222.0,0.389,0.279,0.465,0.446,0.759
2023,Jordan Poole,GSW,PG,82,2458.0,0.43,0.336,0.524,0.514,0.87
2020,Jordan Poole,GSW,SG,57,1274.0,0.333,0.279,0.392,0.406,0.798
2020,Damion Lee,GSW,SG,49,1423.0,0.417,0.356,0.471,0.5,0.873
2025,Jonathan Kuminga,GSW,PF,47,1144.0,0.454,0.305,0.508,0.495,0.668
2025,Kevon Looney,GSW,C,76,1142.0,0.514,0.4,0.516,0.518,0.566
2020,Omari Spellman,GSW,C,49,886.0,0.431,0.391,0.454,0.503,0.793
2020,Kevon Looney,GSW,C,20,262.0,0.367,0.071,0.431,0.373,0.75
2023,Ty Jerome,GSW,SG,45,816.0,0.488,0.389,0.546,0.56,0.927
2023,Jonathan Kuminga,GSW,PF,67,1394.0,0.525,0.37,0.59,0.579,0.652
2020,Alen Smailagić,GSW,C,14,139.0,0.5,0.231,0.63,0.538,0.842
2023,Kevon Looney,GSW,C,82,1958.0,0.63,0.0,0.632,0.63,0.606
2022,Stephen Curry,GSW,PG,64,2211.0,0.437,0.38,0.527,0.554,0.923
2020,Eric Paschall,GSW,PF,60,1654.0,0.497,0.287,0.55,0.526,0.774
2025,De'Anthony Melton,GSW,SG,6,121.0,0.407,0.371,0.474,0.528,0.625
2020,Stephen Curry,GSW,PG,5,139.0,0.402,0.245,0.636,0.476,1.0
2025,Stephen Curry,GSW,PG,70,2252.0,0.448,0.397,0.534,0.572,0.933
2023,Andre Iguodala,GSW,PF,8,113.0,0.467,0.111,1.0,0.5,0.667
2022,Saben Lee,DET,PG,37,604.0,0.39,0.233,0.47,0.429,0.789
2021,Killian Hayes,DET,PG,26,670.0,0.353,0.278,0.395,0.403,0.824
2024,Isaiah Stewart,DET,PF,46,1423.0,0.487,0.383,0.575,0.575,0.753
2023,Marvin Bagley III,DET,C,42,990.0,0.529,0.288,0.579,0.554,0.75
2025,Cade Cunningham,DET,PG,70,2452.0,0.469,0.356,0.515,0.521,0.846
2022,Isaiah Livers,DET,SF,19,383.0,0.456,0.422,0.538,0.606,0.857
2022,Cade Cunningham,DET,SG,64,2088.0,0.416,0.314,0.472,0.471,0.845
2023,Bojan Bogdanović,DET,PF,59,1893.0,0.488,0.411,0.539,0.57,0.884
2023,Rodney McGruder,DET,SG,32,524.0,0.408,0.423,0.382,0.543,0.818
2022,Chris Chiozza,GSW,PG,34,372.0,0.296,0.321,0.25,0.401,0.667
2022,Hamidou Diallo,DET,SG,58,1269.0,0.496,0.247,0.55,0.518,0.65
2023,Moses Moody,GSW,SG,63,817.0,0.476,0.363,0.641,0.584,0.698
2023,Klay Thompson,GSW,SF,69,2279.0,0.436,0.412,0.47,0.556,0.879
2022,Nemanja Bjelica,GSW,C,71,1142.0,0.468,0.362,0.549,0.547,0.728
2020,Marquese Chriss,GSW,PF,59,1196.0,0.545,0.205,0.584,0.556,0.769
2023,JaMychal Green,GSW,PF,57,797.0,0.54,0.378,0.667,0.623,0.776
2025,Moses Moody,GSW,SG,74,1649.0,0.433,0.374,0.519,0.544,0.797
2020,Juan Toscano-Anderson,GSW,SG,13,272.0,0.46,0.348,0.525,0.524,0.6
2025,Trayce Jackson-Davis,GSW,C,62,967.0,0.576,0.0,0.582,0.576,0.578
2023,Draymond Green,GSW,PF,73,2297.0,0.527,0.305,0.612,0.57,0.713
2024,Fred VanVleet,HOU,PG,73,2684.0,0.416,0.387,0.454,0.527,0.86
2025,Jeff Green,HOU,PF,32,396.0,0.504,0.367,0.762,0.624,0.808
2022,KJ Martin,HOU,SF,79,1656.0,0.533,0.357,0.617,0.591,0.634
2022,Garrison Mathews,HOU,SG,65,1712.0,0.399,0.36,0.6,0.55,0.794
2025,Tyrese Haliburton,IND,PG,73,2451.0,0.473,0.388,0.581,0.582,0.851
2025,Johnny Furphy,IND,SG,50,379.0,0.38,0.3,0.476,0.462,0.818
2021,Doug McDermott,IND,PF,66,1619.0,0.532,0.388,0.641,0.616,0.816
2025,Enrique Freeman,IND,PF,22,181.0,0.432,0.1,0.556,0.446,0.684
2020,T.J. Leaf,IND,PF,28,222.0,0.419,0.278,0.456,0.448,0.438
2024,Jarace Walker,IND,PF,33,340.0,0.409,0.4,0.418,0.509,0.889
2021,T.J. McConnell,IND,PG,69,1796.0,0.559,0.313,0.586,0.574,0.688
2020,T.J. McConnell,IND,PG,71,1326.0,0.516,0.294,0.525,0.522,0.833
2020,Doug McDermott,IND,PF,69,1372.0,0.488,0.435,0.549,0.605,0.828
2022,Oshae Brissett,IND,SF,67,1564.0,0.411,0.35,0.465,0.493,0.695
2022,Malcolm Brogdon,IND,PG,36,1206.0,0.448,0.312,0.518,0.501,0.856
2023,Bennedict Mathurin,IND,SG,78,2222.0,0.434,0.323,0.488,0.487,0.828
2023,T.J. McConnell,IND,PG,75,1526.0,0.543,0.441,0.556,0.568,0.853
2020,Kawhi Leonard,LAC,SF,57,1848.0,0.47,0.378,0.506,0.524,0.886
2022,Paul George,LAC,PF,31,1077.0,0.421,0.354,0.467,0.493,0.858
2021,Patrick Beverley,LAC,PG,37,832.0,0.423,0.397,0.468,0.55,0.8
2021,Terance Mann,LAC,SG,67,1263.0,0.509,0.418,0.541,0.563,0.83
2021,Amir Coffey,LAC,SG,44,394.0,0.437,0.411,0.468,0.549,0.711
2022,Brandon Boston Jr.,LAC,SG,51,760.0,0.385,0.306,0.425,0.437,0.819
2024,Obi Toppin,IND,PF,82,1730.0,0.573,0.403,0.706,0.661,0.77
2020,Jeremy Lamb,IND,SG,46,1291.0,0.451,0.335,0.508,0.506,0.836
2020,Goga Bitadze,IND,C,54,471.0,0.467,0.19,0.574,0.493,0.727
2020,Alize Johnson,IND,PF,17,118.0,0.414,0.375,0.429,0.466,0.7
2025,Andrew Nembhard,IND,SG,65,1881.0,0.458,0.291,0.538,0.506,0.794
2025,Aaron Nesmith,IND,SF,45,1123.0,0.507,0.431,0.587,0.617,0.913
2020,Malcolm Brogdon,IND,PG,54,1666.0,0.438,0.326,0.488,0.489,0.892
2023,Chris Duarte,IND,SF,46,897.0,0.369,0.316,0.428,0.452,0.847
2023,Tyrese Haliburton,IND,PG,56,1883.0,0.49,0.4,0.572,0.586,0.871
2022,Isaiah Jackson,IND,C,36,541.0,0.563,0.313,0.584,0.575,0.682
2024,Myles Turner,IND,C,77,2076.0,0.524,0.358,0.615,0.587,0.773
2025,T.J. McConnell,IND,PG,79,1415.0,0.519,0.306,0.537,0.531,0.74
2025,Bennedict Mathurin,IND,SF,72,2149.0,0.458,0.34,0.519,0.516,0.831
2023,Buddy Hield,IND,SF,80,2482.0,0.458,0.425,0.518,0.596,0.822
2025,Ben Sheppard,IND,SG,63,1228.0,0.418,0.342,0.591,0.537,0.889
2025,Pascal Siakam,IND,PF,78,2548.0,0.519,0.389,0.568,0.572,0.734
2021,T.J. Warren,IND,SF,4,117.0,0.529,0.0,0.614,0.529,0.8
2021,Myles Turner,IND,C,47,1455.0,0.477,0.335,0.606,0.557,0.782
2024,Bennedict Mathurin,IND,SF,59,1538.0,0.446,0.374,0.481,0.507,0.821
2021,Kelan Martin,IND,SF,35,322.0,0.449,0.4,0.487,0.536,0.9
2021,Luke Kennard,LAC,SG,63,1232.0,0.476,0.446,0.511,0.597,0.839
2022,Isaiah Hartenstein,LAC,C,68,1216.0,0.626,0.467,0.64,0.645,0.689
2020,Amir Coffey,LAC,SG,18,159.0,0.426,0.316,0.486,0.481,0.545
2024,Bones Hyland,LAC,PG,37,540.0,0.386,0.326,0.457,0.474,0.783
2022,Nicolas Batum,LAC,PF,59,1462.0,0.463,0.4,0.607,0.602,0.658
2022,Ivica Zubac,LAC,C,76,1852.0,0.626,,0.626,0.626,0.727
2022,Terance Mann,LAC,SF,81,2317.0,0.484,0.365,0.535,0.539,0.78
2021,Serge Ibaka,LAC,C,41,955.0,0.51,0.339,0.588,0.563,0.811
2021,Paul George,LAC,SF,54,1821.0,0.467,0.411,0.51,0.557,0.868
2020,Rodney McGruder,LAC,SG,56,871.0,0.398,0.27,0.522,0.464,0.559
2020,Ivica Zubac,LAC,C,72,1326.0,0.613,0.0,0.616,0.613,0.747
2025,Kris Dunn,LAC,PG,74,1783.0,0.439,0.335,0.549,0.525,0.682
2025,Ivica Zubac,LAC,C,80,2624.0,0.628,,0.628,0.628,0.661
2024,James Harden,LAC,PG,72,2470.0,0.428,0.381,0.497,0.541,0.878
2020,JaMychal Green,LAC,PF,63,1307.0,0.429,0.387,0.518,0.56,0.75
2025,Amir Coffey,LAC,SG,72,1748.0,0.471,0.409,0.529,0.57,0.891
2023,Amir Coffey,LAC,SF,50,625.0,0.386,0.275,0.429,0.424,0.778
2023,Norman Powell,LAC,SG,60,1567.0,0.479,0.397,0.534,0.559,0.812
2023,Jason Preston,LAC,PG,14,124.0,0.439,0.278,0.565,0.5,0.0
2024,Kawhi Leonard,LAC,SF,68,2330.0,0.525,0.417,0.569,0.585,0.885
2025,Jordan Miller,LAC,SF,37,420.0,0.433,0.211,0.521,0.463,0.8
2023,Robert Covington,LAC,PF,48,779.0,0.445,0.397,0.516,0.563,0.75
2025,Kobe Brown,LAC,PF,40,272.0,0.458,0.231,0.587,0.5,0.714
2024,Terance Mann,LAC,SG,75,1873.0,0.515,0.348,0.633,0.587,0.832
2020,Landry Shamet,LAC,SG,53,1452.0,0.404,0.375,0.495,0.546,0.855
2021,Daniel Oturu,LAC,C,30,161.0,0.423,0.2,0.447,0.433,0.75
2021,Ivica Zubac,LAC,C,72,1609.0,0.652,0.25,0.656,0.654,0.789
2020,Lou Williams,LAC,PG,65,1864.0,0.418,0.352,0.451,0.477,0.861
2020,Terance Mann,LAC,SF,41,362.0,0.468,0.35,0.508,0.513,0.667
2020,Patrick Beverley,LAC,PG,51,1342.0,0.431,0.388,0.496,0.548,0.66
2021,Kawhi Leonard,LAC,SF,52,1773.0,0.512,0.398,0.557,0.568,0.885
2022,Reggie Jackson,LAC,SG,75,2337.0,0.392,0.326,0.439,0.46,0.847
2022,Eric Bledsoe,LAC,PG,54,1361.0,0.421,0.313,0.479,0.475,0.761
2022,Jay Scrubb,LAC,SG,18,121.0,0.391,0.286,0.48,0.457,0.7
2022,Luke Kennard,LAC,SG,70,1919.0,0.449,0.449,0.449,0.598,0.896
2021,Marcus Morris,LAC,PF,57,1502.0,0.473,0.473,0.472,0.592,0.82
2021,Nicolas Batum,LAC,SF,67,1835.0,0.464,0.404,0.579,0.597,0.828
2022,Amir Coffey,LAC,SG,69,1567.0,0.453,0.378,0.542,0.556,0.863
2023,Ivica Zubac,LAC,C,76,2170.0,0.634,0.0,0.637,0.634,0.697
2022,Xavier Moon,LAC,SG,10,137.0,0.49,0.357,0.541,0.539,0.6
2022,Marcus Morris,LAC,PF,54,1564.0,0.434,0.367,0.478,0.507,0.872
2021,Patrick Patterson,LAC,PF,38,582.0,0.436,0.357,0.604,0.558,0.765
2020,Patrick Patterson,LAC,PF,59,776.0,0.408,0.39,0.459,0.552,0.814
2020,Montrezl Harrell,LAC,C,63,1749.0,0.58,0.0,0.593,0.58,0.658
2023,John Wall,LAC,PG,34,755.0,0.408,0.303,0.459,0.457,0.681
2020,Paul George,LAC,SF,48,1419.0,0.439,0.412,0.464,0.539,0.876
2021,Reggie Jackson,LAC,SG,67,1544.0,0.45,0.433,0.465,0.554,0.817
2023,Oshae Brissett,IND,PF,65,1083.0,0.386,0.31,0.457,0.461,0.717
2025,Fred VanVleet,HOU,PG,60,2111.0,0.378,0.345,0.43,0.483,0.81
2023,Jalen Green,HOU,SG,76,2602.0,0.416,0.338,0.471,0.485,0.786
2021,John Wall,HOU,PG,40,1288.0,0.404,0.317,0.449,0.458,0.749
2021,Sterling Brown,HOU,SG,51,1229.0,0.448,0.423,0.492,0.584,0.806
2021,Anthony Lamb,HOU,SF,24,415.0,0.39,0.324,0.489,0.487,0.857
2022,Christian Wood,HOU,C,68,2094.0,0.501,0.39,0.57,0.576,0.623
2020,James Harden,HOU,SG,68,2483.0,0.444,0.355,0.556,0.543,0.865
2020,Austin Rivers,HOU,SG,68,1594.0,0.421,0.356,0.498,0.517,0.703
2021,Jae'Sean Tate,HOU,SF,70,2043.0,0.506,0.308,0.595,0.554,0.694
2025,Jabari Smith Jr.,HOU,PF,57,1716.0,0.438,0.354,0.519,0.525,0.825
2023,Tari Eason,HOU,PF,82,1767.0,0.448,0.343,0.486,0.493,0.752
2021,Khyri Thomas,HOU,SG,5,153.0,0.485,0.333,0.59,0.553,1.0
2023,TyTy Washington Jr.,HOU,PG,31,433.0,0.363,0.238,0.488,0.422,0.556
2025,Amen Thompson,HOU,SF,69,2225.0,0.557,0.275,0.599,0.575,0.684
2020,Eric Gordon,HOU,SF,36,1016.0,0.369,0.317,0.469,0.473,0.766
2020,Thabo Sefolosha,HOU,PF,41,436.0,0.407,0.278,0.595,0.489,0.375
2025,Jae'Sean Tate,HOU,SF,52,588.0,0.473,0.348,0.529,0.527,0.681
2025,Dillon Brooks,HOU,SF,75,2388.0,0.429,0.397,0.465,0.533,0.818
2025,Jock Landale,HOU,C,42,500.0,0.533,0.423,0.556,0.569,0.675
2020,Edmond Sumner,IND,SG,31,447.0,0.43,0.264,0.528,0.479,0.552
2020,Chris Clemons,HOU,SG,33,291.0,0.401,0.346,0.571,0.532,0.909
2021,Oshae Brissett,IND,SF,21,519.0,0.483,0.423,0.548,0.593,0.769
2024,Jock Landale,HOU,C,56,763.0,0.515,0.25,0.578,0.539,0.8
2022,Jalen Green,HOU,SG,67,2138.0,0.426,0.343,0.502,0.508,0.797
2023,Alperen Şengün,HOU,C,75,2171.0,0.553,0.333,0.57,0.565,0.715
2022,Eric Gordon,HOU,SG,57,1669.0,0.475,0.412,0.548,0.585,0.778
2021,Christian Wood,HOU,C,41,1326.0,0.514,0.374,0.581,0.574,0.631
2020,Isaiah Hartenstein,HOU,C,23,266.0,0.657,0.0,0.71,0.657,0.679
2022,Usman Garuba,HOU,PF,24,239.0,0.432,0.25,0.583,0.489,0.714
2020,P.J. Tucker,HOU,PF,72,2467.0,0.415,0.358,0.551,0.541,0.813
2023,Josh Christopher,HOU,SG,64,786.0,0.465,0.236,0.55,0.497,0.75
2025,Alperen Şengün,HOU,C,76,2395.0,0.496,0.233,0.519,0.505,0.692
2023,Jae'Sean Tate,HOU,SF,31,677.0,0.48,0.283,0.53,0.509,0.725
2025,Reed Sheppard,HOU,PG,52,654.0,0.351,0.338,0.371,0.452,0.813
2020,Michael Frazier,HOU,SG,13,145.0,0.241,0.174,0.5,0.31,0.643
2020,Russell Westbrook,HOU,PG,57,2049.0,0.472,0.258,0.514,0.493,0.763
2023,Usman Garuba,HOU,C,75,970.0,0.486,0.407,0.525,0.554,0.617
2025,Steven Adams,HOU,C,58,794.0,0.545,0.0,0.552,0.545,0.462
2023,Jabari Smith Jr.,HOU,PF,79,2451.0,0.408,0.307,0.487,0.475,0.786
2021,Armoni Brooks,HOU,SG,20,520.0,0.406,0.382,0.514,0.563,0.583
2020,Tyson Chandler,HOU,C,26,219.0,0.778,,0.778,0.778,0.462
2024,Ben Sheppard,IND,SG,57,814.0,0.393,0.314,0.562,0.5,0.885
2025,Quenton Jackson,IND,PG,28,381.0,0.475,0.375,0.524,0.537,0.775
2025,Jarace Walker,IND,PF,75,1187.0,0.472,0.405,0.543,0.576,0.667
2020,T.J. Warren,IND,SF,67,2202.0,0.536,0.403,0.575,0.581,0.819
2020,Myles Turner,IND,C,62,1826.0,0.457,0.344,0.54,0.53,0.751
2020,Victor Oladipo,IND,SG,19,528.0,0.394,0.317,0.451,0.461,0.814
2022,Keifer Sykes,IND,PG,32,566.0,0.363,0.3,0.42,0.434,0.882
2022,Goga Bitadze,IND,C,50,729.0,0.52,0.288,0.628,0.565,0.681
2025,Obi Toppin,IND,PF,79,1545.0,0.529,0.365,0.695,0.621,0.781
2023,Isaiah Jackson,IND,C,63,1042.0,0.563,0.143,0.582,0.566,0.651
2025,Myles Turner,IND,C,72,2174.0,0.481,0.396,0.561,0.577,0.773
2021,Edmond Sumner,IND,SG,53,861.0,0.525,0.398,0.582,0.587,0.819
2023,James Johnson,IND,PF,18,162.0,0.449,0.2,0.559,0.48,0.5
2022,Chris Duarte,IND,SG,55,1541.0,0.432,0.369,0.475,0.507,0.804
2021,Jeremy Lamb,IND,SG,36,765.0,0.435,0.406,0.459,0.529,0.947
2022,T.J. McConnell,IND,PG,27,652.0,0.481,0.303,0.514,0.505,0.826
2021,JaKarr Sampson,IND,PF,29,316.0,0.496,0.2,0.541,0.509,0.655
2020,Aaron Holiday,IND,PG,66,1617.0,0.414,0.394,0.427,0.491,0.851
2020,Justin Holiday,IND,SF,73,1826.0,0.428,0.405,0.477,0.566,0.791
2021,Domantas Sabonis,IND,PF,62,2231.0,0.535,0.321,0.582,0.564,0.732
2022,Terry Taylor,IND,PF,33,714.0,0.614,0.316,0.676,0.641,0.706
2024,Aaron Nesmith,IND,SF,72,1995.0,0.496,0.419,0.581,0.606,0.781
2020,JaKarr Sampson,IND,PF,34,471.0,0.591,0.154,0.647,0.6,0.667
2024,T.J. McConnell,IND,PG,71,1291.0,0.556,0.409,0.568,0.572,0.79
2021,Malcolm Brogdon,IND,PG,56,1930.0,0.453,0.388,0.493,0.527,0.864
2025,Tony Bradley,IND,C,14,113.0,0.644,0.333,0.667,0.656,0.333
2020,Domantas Sabonis,IND,PF,62,2159.0,0.54,0.254,0.565,0.55,0.723
2023,Andrew Nembhard,IND,SG,75,2073.0,0.441,0.35,0.504,0.512,0.79
2024,Isaiah Jackson,IND,C,59,771.0,0.665,0.0,0.677,0.665,0.716
2023,Jalen Smith,IND,C,68,1279.0,0.476,0.283,0.593,0.53,0.759
2022,Myles Turner,IND,C,42,1235.0,0.509,0.333,0.662,0.587,0.752
2024,Jalen Smith,IND,C,61,1047.0,0.592,0.424,0.689,0.67,0.692
2024,Andrew Nembhard,IND,PG,68,1697.0,0.498,0.357,0.567,0.557,0.804
2023,Aaron Nesmith,IND,SF,73,1816.0,0.427,0.366,0.496,0.525,0.838
2024,Tyrese Haliburton,IND,PG,69,2224.0,0.477,0.364,0.595,0.57,0.855
2023,Myles Turner,IND,C,62,1825.0,0.548,0.373,0.638,0.612,0.783
2021,Aaron Holiday,IND,PG,66,1176.0,0.39,0.368,0.406,0.467,0.819
2021,Justin Holiday,IND,SG,72,2183.0,0.413,0.382,0.494,0.551,0.788
2022,Duane Washington Jr.,IND,PG,48,968.0,0.405,0.377,0.434,0.5,0.754
2023,Daniel Theis,IND,C,7,109.0,0.477,0.182,0.576,0.5,0.417
2021,Goga Bitadze,IND,C,45,561.0,0.428,0.253,0.548,0.479,0.738
2024,Isaiah Livers,DET,PF,23,469.0,0.345,0.286,0.462,0.44,0.667
2025,Malik Beasley,DET,SG,82,2283.0,0.43,0.416,0.466,0.579,0.679
2025,Julian Phillips,CHI,SF,79,1123.0,0.446,0.327,0.582,0.533,0.789
2024,Georges Niang,CLE,PF,82,1831.0,0.449,0.376,0.572,0.567,0.85
2023,Evan Mobley,CLE,PF,79,2715.0,0.554,0.216,0.595,0.566,0.674
2023,Mamadi Diakite,CLE,C,22,176.0,0.48,0.333,0.586,0.55,1.0
2023,Jarrett Allen,CLE,C,68,2220.0,0.644,0.1,0.653,0.645,0.733
2024,Donovan Mitchell,CLE,SG,55,1942.0,0.462,0.368,0.539,0.545,0.865
2024,Evan Mobley,CLE,PF,50,1532.0,0.58,0.373,0.604,0.6,0.719
2023,Ricky Rubio,CLE,PG,33,566.0,0.343,0.256,0.417,0.402,0.8
2024,Dean Wade,CLE,PF,54,1108.0,0.414,0.391,0.567,0.584,0.769
2022,Dean Wade,CLE,PF,51,980.0,0.456,0.359,0.64,0.574,0.667
2022,Lauri Markkanen,CLE,SF,61,1878.0,0.445,0.358,0.548,0.542,0.868
2023,Dean Wade,CLE,PF,44,891.0,0.412,0.354,0.56,0.54,0.652
2022,Jarrett Allen,CLE,C,56,1809.0,0.677,0.1,0.688,0.678,0.708
2023,Lamar Stevens,CLE,SF,62,1120.0,0.448,0.316,0.513,0.5,0.702
2021,Darius Garland,CLE,PG,54,1790.0,0.451,0.395,0.479,0.517,0.848
2024,Jarrett Allen,CLE,C,77,2442.0,0.634,0.0,0.638,0.634,0.742
2020,Alfonzo McKinnie,CLE,SF,40,593.0,0.427,0.215,0.557,0.468,0.71
2021,Dylan Windler,CLE,SF,31,513.0,0.438,0.338,0.585,0.538,0.778
2020,Matthew Dellavedova,CLE,PG,57,821.0,0.354,0.231,0.488,0.414,0.865
2023,Raul Neto,CLE,PG,48,505.0,0.518,0.286,0.662,0.573,0.912
2022,Kevin Pangos,CLE,PG,24,166.0,0.326,0.231,0.45,0.391,0.75
2022,Dylan Windler,CLE,SF,50,459.0,0.378,0.3,0.571,0.485,0.833
2022,Lamar Stevens,CLE,PF,63,1015.0,0.489,0.277,0.543,0.517,0.707
2022,Ed Davis,CLE,C,31,201.0,0.688,,0.688,0.688,0.429
2023,Caris LeVert,CLE,SG,74,2237.0,0.431,0.392,0.462,0.517,0.722
2024,Tristan Thompson,CLE,C,49,549.0,0.608,0.0,0.613,0.608,0.288
2024,Sam Merrill,CLE,SG,61,1069.0,0.402,0.404,0.385,0.584,0.929
2022,Kevin Love,CLE,C,74,1665.0,0.43,0.392,0.493,0.553,0.838
2023,Robin Lopez,CLE,C,37,299.0,0.64,0.5,0.648,0.653,0.778
2022,Evan Mobley,CLE,PF,69,2331.0,0.508,0.25,0.541,0.522,0.663
2022,Ricky Rubio,CLE,PG,34,970.0,0.363,0.339,0.38,0.434,0.854
2023,Donovan Mitchell,CLE,SG,68,2432.0,0.484,0.386,0.566,0.572,0.867
2022,Brandon Goodwin,CLE,PG,36,502.0,0.416,0.345,0.455,0.477,0.632
2023,Darius Garland,CLE,PG,69,2447.0,0.462,0.41,0.492,0.537,0.863
2022,Isaac Okoro,CLE,SF,67,1981.0,0.48,0.35,0.555,0.544,0.768
2023,Isaac Okoro,CLE,SF,76,1652.0,0.494,0.363,0.617,0.582,0.757
2022,Cedi Osman,CLE,SF,66,1462.0,0.432,0.357,0.559,0.544,0.664
2024,Craig Porter Jr.,CLE,PG,51,649.0,0.509,0.353,0.536,0.535,0.732
2024,Isaac Okoro,CLE,SF,69,1887.0,0.49,0.391,0.57,0.577,0.679
2022,Darius Garland,CLE,PG,68,2430.0,0.462,0.383,0.512,0.536,0.892
2020,Ante Žižić,CLE,C,22,221.0,0.569,,0.569,0.569,0.737
2023,Cedi Osman,CLE,SF,77,1548.0,0.451,0.372,0.564,0.56,0.694
2021,Dante Exum,CLE,SG,6,116.0,0.385,0.182,0.533,0.423,0.5
2021,Larry Nance Jr.,CLE,PF,35,1091.0,0.471,0.36,0.551,0.546,0.612
2021,Isaac Okoro,CLE,SG,67,2173.0,0.42,0.29,0.501,0.476,0.726
2024,Caris LeVert,CLE,SG,68,1958.0,0.421,0.325,0.486,0.487,0.766
2021,Cedi Osman,CLE,SF,59,1510.0,0.374,0.306,0.458,0.458,0.8
2021,Matthew Dellavedova,CLE,PG,13,224.0,0.25,0.16,0.323,0.286,1.0
2025,Donovan Mitchell,CLE,SG,71,2232.0,0.443,0.368,0.512,0.531,0.823
2020,Tristan Thompson,CLE,C,57,1721.0,0.512,0.391,0.518,0.52,0.615
2025,Evan Mobley,CLE,PF,71,2167.0,0.557,0.37,0.621,0.604,0.725
2025,Sam Merrill,CLE,SG,71,1401.0,0.406,0.372,0.625,0.567,0.966
2025,Craig Porter Jr.,CLE,PG,51,513.0,0.514,0.438,0.554,0.589,0.719
2024,Emoni Bates,CLE,SF,15,133.0,0.306,0.303,0.313,0.408,0.25
2025,Jarrett Allen,CLE,C,82,2296.0,0.706,0.0,0.712,0.706,0.718
2025,Jaden Hardy,DAL,SG,57,907.0,0.435,0.386,0.479,0.527,0.698
2022,Dwight Powell,DAL,C,82,1798.0,0.671,0.351,0.703,0.687,0.783
2023,Frank Ntilikina,DAL,SG,47,607.0,0.364,0.254,0.477,0.428,0.667
2020,Tim Hardaway Jr.,DAL,SG,71,2091.0,0.434,0.398,0.485,0.55,0.819
2025,P.J. Washington,DAL,PF,57,1835.0,0.453,0.381,0.493,0.521,0.722
2025,Spencer Dinwiddie,DAL,PG,79,2136.0,0.416,0.334,0.492,0.496,0.802
2025,Isaac Okoro,CLE,SG,55,1053.0,0.464,0.371,0.586,0.569,0.717
2020,Collin Sexton,CLE,PG,65,2143.0,0.472,0.38,0.501,0.517,0.846
2020,Cedi Osman,CLE,SF,65,1910.0,0.437,0.383,0.497,0.538,0.67
2024,Damian Jones,CLE,C,39,270.0,0.597,0.214,0.69,0.618,0.857
2025,Darius Garland,CLE,PG,75,2301.0,0.472,0.401,0.53,0.562,0.878
2021,Kevin Love,CLE,PF,25,622.0,0.409,0.365,0.479,0.522,0.824
2021,Damyean Dotson,CLE,SG,46,907.0,0.406,0.289,0.545,0.485,0.667
2020,Kevin Love,CLE,PF,56,1780.0,0.45,0.374,0.537,0.55,0.854
2021,Collin Sexton,CLE,SG,60,2115.0,0.475,0.371,0.508,0.519,0.815
2025,Ty Jerome,CLE,SG,70,1392.0,0.516,0.439,0.57,0.606,0.872
2025,Tristan Thompson,CLE,C,40,328.0,0.437,0.0,0.456,0.437,0.233
2020,Darius Garland,CLE,SG,59,1824.0,0.401,0.355,0.434,0.476,0.875
2025,Jaylon Tyson,CLE,SG,47,453.0,0.43,0.345,0.484,0.497,0.792
2025,Max Strus,CLE,SF,50,1273.0,0.442,0.386,0.65,0.594,0.824
2020,Larry Nance Jr.,CLE,PF,56,1472.0,0.531,0.352,0.636,0.596,0.676
2025,Dean Wade,CLE,PF,59,1252.0,0.413,0.36,0.653,0.561,0.533
2021,Dean Wade,CLE,PF,63,1212.0,0.431,0.366,0.571,0.556,0.769
2020,Kevin Porter Jr.,CLE,SF,50,1162.0,0.442,0.335,0.506,0.505,0.723
2024,Darius Garland,CLE,PG,57,1901.0,0.446,0.371,0.501,0.524,0.834
2021,Lamar Stevens,CLE,PF,40,499.0,0.456,0.16,0.523,0.471,0.725
2022,Collin Sexton,CLE,SG,11,316.0,0.45,0.244,0.538,0.487,0.744
2023,Jalen Duren,DET,C,67,1670.0,0.648,0.0,0.652,0.648,0.611
2024,Max Strus,CLE,SF,70,2239.0,0.418,0.351,0.546,0.533,0.794
2022,Jalen McDaniels,CHO,SF,55,895.0,0.484,0.38,0.562,0.565,0.736
2024,Nathan Mensah,CHO,C,25,307.0,0.429,,0.429,0.429,0.75
2023,Dennis Smith Jr.,CHO,PG,54,1390.0,0.412,0.216,0.475,0.438,0.736
2021,Miles Bridges,CHO,PF,66,1932.0,0.503,0.4,0.593,0.596,0.867
2024,Cody Martin,CHO,SF,28,753.0,0.381,0.314,0.426,0.444,0.606
2024,Bryce McGowens,CHO,SG,59,882.0,0.439,0.333,0.523,0.513,0.776
2021,Cody Zeller,CHO,C,48,1005.0,0.559,0.143,0.598,0.565,0.714
2020,Cody Zeller,CHO,C,58,1341.0,0.524,0.24,0.577,0.543,0.682
2025,Grant Williams,CHO,PF,16,479.0,0.439,0.365,0.551,0.549,0.838
2025,Mark Williams,CHO,C,44,1171.0,0.604,0.0,0.609,0.604,0.804
2025,LaMelo Ball,CHO,PG,47,1505.0,0.405,0.339,0.478,0.494,0.843
2022,Cody Martin,CHO,SF,71,1866.0,0.482,0.384,0.542,0.554,0.701
2021,LaMelo Ball,CHO,PG,51,1469.0,0.436,0.352,0.489,0.504,0.758
2025,Miles Bridges,CHO,PF,64,2029.0,0.431,0.313,0.513,0.495,0.87
2020,Bismack Biyombo,CHO,C,53,1029.0,0.543,,0.543,0.543,0.603
2021,Bismack Biyombo,CHO,C,66,1349.0,0.587,0.0,0.589,0.587,0.448
2025,Tidjane Salaün,CHO,PF,60,1244.0,0.33,0.283,0.4,0.414,0.713
2025,Damion Baugh,CHO,SG,15,370.0,0.323,0.214,0.405,0.369,0.867
2021,Terry Rozier,CHO,SG,69,2383.0,0.45,0.389,0.512,0.548,0.817
2021,Vernon Carey Jr.,CHO,C,19,115.0,0.5,0.143,0.586,0.514,0.818
2023,LaMelo Ball,CHO,PG,36,1268.0,0.411,0.376,0.45,0.51,0.836
2020,Dwayne Bacon,CHO,SG,39,687.0,0.348,0.284,0.373,0.387,0.66
2024,Mark Williams,CHO,C,19,508.0,0.649,,0.649,0.649,0.719
2025,Dalen Terry,CHI,SG,73,987.0,0.448,0.356,0.506,0.517,0.71
2023,Javonte Green,CHI,SF,32,480.0,0.565,0.371,0.658,0.625,0.667
2020,Cristiano Felício,CHI,C,22,386.0,0.63,0.0,0.654,0.63,0.783
2024,DeMar DeRozan,CHI,SF,79,2989.0,0.48,0.333,0.509,0.507,0.853
2021,Zach LaVine,CHI,SG,58,2034.0,0.507,0.419,0.571,0.596,0.849
2025,Coby White,CHI,SG,74,2450.0,0.453,0.37,0.544,0.55,0.902
2023,P.J. Washington,CHO,PF,73,2380.0,0.444,0.348,0.518,0.52,0.73
2024,Nick Smith Jr.,CHO,SG,51,729.0,0.391,0.432,0.35,0.5,0.867
2023,Mark Williams,CHO,C,43,828.0,0.637,,0.637,0.637,0.691
2024,LaMelo Ball,CHO,PG,22,711.0,0.433,0.355,0.5,0.515,0.865
2025,Brandon Miller,CHO,SF,27,924.0,0.403,0.355,0.475,0.509,0.861
2023,Terry Rozier,CHO,SG,63,2221.0,0.415,0.327,0.48,0.484,0.809
2025,Nick Smith Jr.,CHO,SG,60,1369.0,0.391,0.34,0.45,0.482,0.935
2022,Kelly Oubre Jr.,CHO,SF,76,1999.0,0.44,0.345,0.578,0.542,0.667
2020,Terry Rozier,CHO,PG,63,2164.0,0.423,0.407,0.436,0.514,0.874
2022,Gordon Hayward,CHO,SF,49,1564.0,0.459,0.391,0.496,0.528,0.846
2023,Nick Richards,CHO,C,65,1217.0,0.629,1.0,0.628,0.631,0.749
2020,Miles Bridges,CHO,SF,65,1995.0,0.424,0.33,0.486,0.489,0.809
2023,JT Thor,CHO,PF,69,969.0,0.399,0.317,0.487,0.481,0.702
2020,Nicolas Batum,CHO,SF,22,505.0,0.346,0.286,0.438,0.432,0.9
2025,Isaiah Wong,CHO,SG,20,265.0,0.39,0.394,0.389,0.452,0.735
2024,Brandon Miller,CHO,SF,74,2383.0,0.44,0.373,0.495,0.524,0.827
2025,Seth Curry,CHO,SG,68,1062.0,0.478,0.456,0.503,0.599,0.846
2021,Jalen McDaniels,CHO,SF,47,904.0,0.468,0.333,0.547,0.53,0.703
2022,Terry Rozier,CHO,SG,73,2458.0,0.444,0.374,0.516,0.539,0.852
2022,Nick Richards,CHO,C,50,367.0,0.667,,0.667,0.667,0.698
2021,Malik Monk,CHO,SG,42,878.0,0.434,0.401,0.471,0.54,0.819
2022,P.J. Washington,CHO,C,65,1768.0,0.47,0.365,0.606,0.573,0.716
2024,Leaky Black,CHO,SF,26,284.0,0.481,0.45,0.5,0.567,0.667
2022,LaMelo Ball,CHO,PG,75,2422.0,0.429,0.389,0.462,0.517,0.872
2024,Ish Smith,CHO,PG,43,741.0,0.418,0.5,0.413,0.43,0.75
2023,Kelly Oubre Jr.,CHO,SF,48,1548.0,0.431,0.319,0.51,0.497,0.76
2021,P.J. Washington,CHO,PF,64,1954.0,0.44,0.386,0.48,0.522,0.745
2020,Caleb Martin,CHO,SF,18,317.0,0.44,0.541,0.362,0.56,0.81
2025,KJ Simpson,CHO,PG,36,842.0,0.346,0.254,0.415,0.4,0.82
2023,Gordon Hayward,CHO,SF,50,1577.0,0.475,0.325,0.532,0.52,0.811
2023,Kai Jones,CHO,C,46,550.0,0.558,0.211,0.624,0.575,0.731
2025,DaQuan Jeffries,CHO,SG,47,1071.0,0.405,0.335,0.496,0.5,0.8
2023,Théo Maledon,CHO,PG,44,854.0,0.402,0.295,0.465,0.457,0.851
2024,Miles Bridges,CHO,SF,69,2581.0,0.462,0.349,0.529,0.527,0.825
2025,Moussa Diabaté,CHO,C,71,1241.0,0.596,0.0,0.609,0.596,0.595
2025,Tre Mann,CHO,PG,13,319.0,0.435,0.4,0.455,0.509,0.905
2020,Devonte' Graham,CHO,PG,63,2211.0,0.382,0.373,0.397,0.495,0.82
2023,Cody Martin,CHO,SF,7,134.0,0.389,0.214,0.5,0.431,0.571
2020,P.J. Washington,CHO,PF,58,1759.0,0.455,0.374,0.507,0.528,0.647
2021,Devonte' Graham,CHO,PG,55,1659.0,0.377,0.375,0.38,0.51,0.842
2022,Mason Plumlee,CHO,C,73,1793.0,0.641,0.0,0.645,0.641,0.392
2020,Willy Hernangómez,CHO,C,31,375.0,0.532,0.227,0.59,0.55,0.627
2020,Malik Monk,CHO,SG,55,1169.0,0.434,0.284,0.542,0.494,0.82
2025,Josh Green,CHO,SG,68,1887.0,0.428,0.391,0.48,0.543,0.681
2022,James Bouknight,CHO,SG,31,304.0,0.348,0.347,0.348,0.408,0.871
2022,Miles Bridges,CHO,PF,80,2837.0,0.491,0.331,0.59,0.554,0.802
2020,Jalen McDaniels,CHO,SF,16,293.0,0.471,0.375,0.522,0.536,0.824
2020,Cody Martin,CHO,SF,48,903.0,0.43,0.234,0.546,0.473,0.646
2024,JT Thor,CHO,PF,63,781.0,0.437,0.346,0.51,0.514,0.55
2021,Caleb Martin,CHO,SF,53,818.0,0.375,0.248,0.496,0.436,0.641
2023,Bryce McGowens,CHO,SG,46,787.0,0.396,0.325,0.443,0.46,0.75
2025,Jaylen Sims,CHO,SG,6,112.0,0.429,0.4,0.462,0.536,0.8
2021,Cody Martin,CHO,SF,52,849.0,0.441,0.276,0.515,0.484,0.581
2022,JT Thor,CHO,PF,33,262.0,0.436,0.259,0.607,0.5,0.6
2024,Nick Richards,CHO,C,67,1759.0,0.691,0.0,0.693,0.691,0.737
2021,Gordon Hayward,CHO,SF,44,1496.0,0.473,0.415,0.499,0.537,0.843
2023,James Bouknight,CHO,SG,34,515.0,0.358,0.303,0.429,0.443,0.667
2025,Taj Gibson,CHO,C,37,409.0,0.495,0.5,0.495,0.5,0.6
2022,Boban Marjanović,DAL,C,23,128.0,0.6,0.25,0.621,0.607,0.591
2023,Dāvis Bertāns,DAL,PF,45,492.0,0.431,0.39,0.737,0.603,0.867
2020,Maxi Kleber,DAL,PF,74,1890.0,0.461,0.373,0.605,0.577,0.849
2020,Michael Porter Jr.,DEN,SF,55,903.0,0.509,0.422,0.564,0.59,0.833
2024,Michael Porter Jr.,DEN,SF,81,2565.0,0.484,0.397,0.575,0.586,0.836
2023,Michael Porter Jr.,DEN,SF,62,1798.0,0.487,0.414,0.579,0.602,0.8
2020,Mason Plumlee,DEN,C,61,1057.0,0.615,0.0,0.625,0.615,0.535
2024,Aaron Gordon,DEN,PF,73,2297.0,0.556,0.29,0.619,0.584,0.658
2024,Collin Gillespie,DEN,PG,24,225.0,0.464,0.395,0.548,0.572,0.667
2021,Markus Howard,DEN,SG,37,205.0,0.377,0.277,0.537,0.462,0.778
2022,Will Barton,DEN,SG,71,2277.0,0.438,0.365,0.504,0.525,0.803
2020,Jamal Murray,DEN,PG,59,1904.0,0.456,0.346,0.519,0.519,0.881
2020,Monte Morris,DEN,PG,73,1636.0,0.459,0.378,0.495,0.517,0.843
2023,Zeke Nnaji,DEN,PF,53,728.0,0.561,0.262,0.71,0.605,0.645
2021,Nikola Jokić,DEN,C,72,2488.0,0.566,0.388,0.606,0.602,0.868
2020,Paul Millsap,DEN,PF,51,1240.0,0.482,0.435,0.5,0.543,0.816
2023,Jamal Murray,DEN,PG,65,2133.0,0.454,0.398,0.494,0.537,0.833
2024,Justin Holiday,DEN,SG,58,862.0,0.454,0.404,0.569,0.595,0.75
2024,Jalen Pickett,DEN,SG,27,122.0,0.429,0.36,0.6,0.557,0.75
2021,JaMychal Green,DEN,PF,58,1120.0,0.463,0.399,0.534,0.568,0.807
2023,Ish Smith,DEN,PG,43,398.0,0.397,0.167,0.42,0.405,0.5
2025,Trey Alexander,DEN,SG,24,117.0,0.317,0.176,0.417,0.354,0.75
2021,Facundo Campazzo,DEN,PG,65,1425.0,0.381,0.352,0.444,0.502,0.879
2021,Vlatko Čančar,DEN,PF,41,281.0,0.458,0.273,0.615,0.521,0.769
2024,Christian Braun,DEN,SG,82,1655.0,0.46,0.384,0.498,0.525,0.694
2021,Monte Morris,DEN,PG,47,1196.0,0.481,0.381,0.534,0.547,0.795
2023,Kentavious Caldwell-Pope,DEN,SG,76,2381.0,0.462,0.423,0.502,0.569,0.824
2021,Michael Porter Jr.,DEN,SF,61,1912.0,0.542,0.445,0.628,0.646,0.791
2021,Jamal Murray,DEN,PG,48,1704.0,0.477,0.408,0.523,0.559,0.869
2025,Julian Strawther,DEN,SG,65,1384.0,0.432,0.349,0.535,0.529,0.822
2025,Peyton Watson,DEN,SF,68,1656.0,0.477,0.353,0.534,0.533,0.693
2022,Aaron Gordon,DEN,PF,75,2376.0,0.52,0.335,0.605,0.573,0.743
2020,Gary Harris,DEN,SG,56,1780.0,0.42,0.333,0.479,0.487,0.815
2023,Nikola Jokić,DEN,C,69,2323.0,0.632,0.383,0.675,0.66,0.822
2022,Zeke Nnaji,DEN,PF,41,698.0,0.516,0.463,0.557,0.616,0.631
2020,Will Barton,DEN,SF,58,1916.0,0.45,0.375,0.498,0.523,0.767
2022,Jeff Green,DEN,PF,75,1849.0,0.524,0.315,0.62,0.574,0.833
2023,Vlatko Čančar,DEN,PF,60,889.0,0.476,0.374,0.58,0.57,0.927
2025,Nikola Jokić,DEN,C,70,2571.0,0.576,0.417,0.627,0.627,0.8
2022,Bones Hyland,DEN,SG,69,1310.0,0.403,0.366,0.465,0.518,0.856
2022,Nikola Jokić,DEN,C,74,2476.0,0.583,0.337,0.652,0.62,0.81
2025,Dario Šarić,DEN,C,16,210.0,0.362,0.269,0.438,0.422,0.7
2020,PJ Dozier,DEN,SG,29,412.0,0.414,0.347,0.444,0.468,0.724
2025,Spencer Jones,DEN,SF,20,125.0,0.324,0.059,0.588,0.338,1.0
2025,Michael Porter Jr.,DEN,SF,77,2593.0,0.504,0.395,0.599,0.596,0.768
2020,Torrey Craig,DEN,SF,58,1072.0,0.461,0.326,0.603,0.545,0.611
2025,DeAndre Jordan,DEN,C,56,691.0,0.65,,0.65,0.65,0.422
2022,Monte Morris,DEN,PG,75,2239.0,0.484,0.395,0.545,0.564,0.869
2020,Nikola Jokić,DEN,C,73,2336.0,0.528,0.314,0.594,0.565,0.817
2021,Bol Bol,DEN,PF,32,160.0,0.431,0.375,0.471,0.509,0.667
2025,Christian Braun,DEN,SG,79,2675.0,0.58,0.397,0.648,0.634,0.827
2024,Joe Harris,DET,SG,16,170.0,0.359,0.333,0.444,0.487,0.5
2023,Killian Hayes,DET,PG,76,2154.0,0.377,0.28,0.429,0.426,0.821
2023,Jared Rhoden,DET,SG,14,198.0,0.386,0.25,0.5,0.443,1.0
2022,Luka Garza,DET,C,32,389.0,0.449,0.327,0.51,0.503,0.623
2021,Jahlil Okafor,DET,C,27,347.0,0.618,0.222,0.656,0.627,0.708
2022,Cory Joseph,DET,PG,65,1600.0,0.445,0.414,0.465,0.526,0.885
2021,Jerami Grant,DET,SF,54,1829.0,0.429,0.35,0.473,0.491,0.845
2025,Ron Holland,DET,SF,81,1266.0,0.474,0.238,0.608,0.517,0.754
2025,Isaiah Stewart,DET,C,72,1434.0,0.559,0.321,0.607,0.586,0.759
2020,Langston Galloway,DET,SG,66,1702.0,0.435,0.399,0.493,0.557,0.859
2023,Alec Burks,DET,SG,51,1122.0,0.436,0.414,0.459,0.544,0.814
2024,Jaden Ivey,DET,SG,77,2217.0,0.429,0.336,0.485,0.492,0.749
2024,Killian Hayes,DET,PG,42,1008.0,0.413,0.297,0.455,0.452,0.66
2023,Isaiah Stewart,DET,C,50,1414.0,0.442,0.327,0.542,0.518,0.738
2020,Tim Frazier,DET,PG,27,355.0,0.362,0.333,0.375,0.415,0.792
2022,Jamorko Pickett,DET,PF,13,176.0,0.36,0.333,0.455,0.49,0.5
2024,Stanley Umude,DET,SG,24,307.0,0.44,0.453,0.419,0.583,0.906
2023,Cade Cunningham,DET,PG,12,400.0,0.415,0.279,0.466,0.453,0.837
2025,Paul Reed,DET,C,45,438.0,0.507,0.286,0.561,0.535,0.762
2020,Sekou Doumbouya,DET,PF,38,754.0,0.39,0.286,0.464,0.449,0.674
2020,Derrick Rose,DET,PG,50,1298.0,0.49,0.306,0.535,0.52,0.871
2021,Will Barton,DEN,SF,56,1736.0,0.426,0.381,0.459,0.507,0.785
2024,Julian Strawther,DEN,SF,50,545.0,0.369,0.297,0.488,0.462,0.71
2024,DeAndre Jordan,DEN,C,36,396.0,0.624,,0.624,0.624,0.491
2021,PJ Dozier,DEN,SG,50,1088.0,0.417,0.315,0.49,0.483,0.636
2023,Peyton Watson,DEN,SG,23,186.0,0.492,0.429,0.511,0.542,0.55
2024,Nikola Jokić,DEN,C,79,2737.0,0.583,0.359,0.626,0.612,0.817
2024,Zeke Nnaji,DEN,PF,58,576.0,0.463,0.261,0.5,0.483,0.677
2024,Reggie Jackson,DEN,PG,82,1817.0,0.431,0.359,0.475,0.499,0.806
2025,Vlatko Čančar,DEN,PF,13,136.0,0.385,0.267,0.545,0.462,
2024,Jamal Murray,DEN,PG,59,1861.0,0.481,0.425,0.51,0.554,0.853
2025,Jamal Murray,DEN,PG,67,2418.0,0.474,0.393,0.518,0.543,0.886
2025,Marcus Sasser,DET,PG,57,811.0,0.463,0.382,0.549,0.561,0.843
2022,Facundo Campazzo,DEN,PG,65,1184.0,0.361,0.301,0.476,0.459,0.769
2022,Austin Rivers,DEN,SG,67,1480.0,0.417,0.342,0.563,0.53,0.727
2025,Aaron Gordon,DEN,PF,51,1447.0,0.531,0.436,0.582,0.607,0.81
2024,Kentavious Caldwell-Pope,DEN,SG,76,2402.0,0.46,0.406,0.52,0.566,0.894
2021,Paul Millsap,DEN,PF,56,1162.0,0.476,0.343,0.55,0.537,0.724
2022,Vlatko Čančar,DEN,PF,15,176.0,0.561,0.583,0.552,0.646,0.643
2022,Davon Reed,DEN,SG,48,668.0,0.503,0.43,0.587,0.618,0.667
2024,Cade Cunningham,DET,PG,62,2074.0,0.449,0.355,0.487,0.5,0.869
2023,Christian Braun,DEN,SG,76,1181.0,0.495,0.354,0.565,0.554,0.625
2023,DeAndre Jordan,DEN,C,39,586.0,0.765,1.0,0.763,0.77,0.458
2020,Jerami Grant,DEN,PF,71,1892.0,0.478,0.389,0.537,0.555,0.75
2024,Derrick Jones Jr.,DAL,SF,76,1783.0,0.483,0.343,0.613,0.566,0.713
2025,Kessler Edwards,DAL,SF,40,608.0,0.496,0.407,0.556,0.578,0.923
2022,Theo Pinson,DAL,SF,19,148.0,0.359,0.333,0.444,0.487,1.0
2025,Dante Exum,DAL,PG,20,372.0,0.478,0.434,0.506,0.563,0.742
2020,Courtney Lee,DAL,SG,24,345.0,0.488,0.447,0.543,0.616,0.857
2024,Josh Green,DAL,SG,57,1505.0,0.479,0.385,0.572,0.575,0.684
2023,Theo Pinson,DAL,SG,40,323.0,0.356,0.355,0.36,0.483,0.846
2020,Seth Curry,DAL,SG,64,1576.0,0.495,0.452,0.549,0.621,0.825
2022,Josh Green,DAL,SG,67,1039.0,0.508,0.359,0.573,0.563,0.689
2023,Tim Hardaway Jr.,DAL,SF,71,2152.0,0.401,0.385,0.431,0.527,0.77
2025,Dwight Powell,DAL,C,55,551.0,0.689,0.4,0.714,0.705,0.651
2025,Olivier-Maxence Prosper,DAL,PF,52,584.0,0.402,0.235,0.472,0.437,0.645
2021,Josh Richardson,DAL,SG,59,1790.0,0.427,0.33,0.501,0.498,0.917
2021,Luka Dončić,DAL,PG,66,2262.0,0.479,0.35,0.567,0.55,0.73
2023,Jaden Hardy,DAL,SG,48,708.0,0.438,0.404,0.469,0.533,0.823
2020,Luka Dončić,DAL,PG,61,2047.0,0.463,0.316,0.574,0.531,0.758
2025,Maxi Kleber,DAL,PF,34,637.0,0.385,0.265,0.511,0.453,0.762
2024,Kyrie Irving,DAL,SG,58,2030.0,0.497,0.411,0.548,0.573,0.905
2025,Naji Marshall,DAL,SF,69,1919.0,0.508,0.275,0.611,0.551,0.813
2020,J.J. Barea,DAL,PG,29,450.0,0.411,0.376,0.434,0.488,0.909
2023,Luka Dončić,DAL,PG,66,2391.0,0.496,0.342,0.588,0.56,0.742
2024,Luka Dončić,DAL,PG,70,2624.0,0.487,0.382,0.573,0.573,0.786
2021,Maxi Kleber,DAL,PF,50,1341.0,0.422,0.41,0.46,0.58,0.919
2020,Delon Wright,DAL,PG,73,1570.0,0.462,0.37,0.504,0.519,0.77
2022,Jalen Brunson,DAL,SG,79,2524.0,0.502,0.373,0.545,0.549,0.84
2022,Sterling Brown,DAL,SG,49,628.0,0.381,0.304,0.492,0.471,0.933
2025,Brandon Williams,DAL,PG,33,487.0,0.521,0.4,0.578,0.585,0.833
2021,Dwight Powell,DAL,C,58,966.0,0.619,0.238,0.665,0.631,0.782
2022,Frank Ntilikina,DAL,SG,58,685.0,0.399,0.342,0.455,0.484,0.96
2021,Kristaps Porziņģis,DAL,C,43,1327.0,0.476,0.376,0.536,0.547,0.855
2020,Boban Marjanović,DAL,C,44,422.0,0.573,0.235,0.603,0.583,0.754
2022,Reggie Bullock,DAL,SF,68,1902.0,0.401,0.36,0.55,0.542,0.833
2025,Kyrie Irving,DAL,SG,50,1804.0,0.473,0.401,0.517,0.549,0.916
2025,Daniel Gafford,DAL,C,57,1226.0,0.702,,0.702,0.702,0.689
2020,Justin Jackson,DAL,PF,65,1045.0,0.396,0.294,0.489,0.466,0.84
2023,Maxi Kleber,DAL,PF,37,930.0,0.456,0.348,0.667,0.571,0.711
2023,JaVale McGee,DAL,C,42,355.0,0.64,0.4,0.65,0.648,0.585
2022,Trey Burke,DAL,PG,42,441.0,0.391,0.317,0.436,0.451,0.87
2024,Dante Exum,DAL,PG,55,1088.0,0.533,0.491,0.557,0.621,0.779
2024,Brandon Williams,DAL,PG,17,113.0,0.37,0.2,0.436,0.398,0.647
2021,Boban Marjanović,DAL,C,33,271.0,0.508,0.125,0.535,0.512,0.816
2022,Luka Dončić,DAL,PG,65,2301.0,0.457,0.353,0.528,0.529,0.744
2024,Maxi Kleber,DAL,C,43,871.0,0.432,0.348,0.574,0.541,0.702
2021,Jalen Brunson,DAL,PG,68,1697.0,0.523,0.405,0.578,0.588,0.795
2025,Jalen Pickett,DEN,SG,49,666.0,0.428,0.396,0.468,0.539,0.75
2022,Dorian Finney-Smith,DAL,PF,80,2644.0,0.471,0.395,0.599,0.595,0.675
2025,Klay Thompson,DAL,SF,72,1965.0,0.412,0.391,0.448,0.535,0.905
2023,Reggie Bullock,DAL,SF,78,2364.0,0.409,0.38,0.562,0.569,0.703
2020,Kristaps Porziņģis,DAL,C,57,1814.0,0.427,0.352,0.484,0.503,0.799
2022,Marquese Chriss,DAL,PF,34,346.0,0.463,0.32,0.495,0.493,0.667
2023,McKinley Wright IV,DAL,PG,27,335.0,0.469,0.321,0.529,0.515,0.684
2020,Dorian Finney-Smith,DAL,PF,71,2120.0,0.466,0.376,0.589,0.575,0.722
2022,JaMychal Green,DEN,PF,67,1085.0,0.486,0.266,0.621,0.537,0.871
2023,Jeff Green,DEN,PF,56,1091.0,0.488,0.288,0.58,0.534,0.744
2024,Olivier-Maxence Prosper,DAL,PF,40,336.0,0.385,0.289,0.458,0.447,0.683
2025,Russell Westbrook,DEN,PG,75,2092.0,0.449,0.323,0.517,0.505,0.661
2022,Markus Howard,DEN,SG,31,176.0,0.386,0.4,0.355,0.525,0.87
2025,Hunter Tyson,DEN,PF,51,400.0,0.375,0.311,0.478,0.471,0.75
2022,Michael Porter Jr.,DEN,SF,9,265.0,0.359,0.208,0.491,0.408,0.556
2021,Zeke Nnaji,DEN,PF,42,397.0,0.481,0.407,0.578,0.596,0.8
2023,Bruce Brown,DEN,SF,80,2280.0,0.483,0.358,0.548,0.545,0.758
2025,Zeke Nnaji,DEN,PF,57,608.0,0.496,0.327,0.596,0.557,0.614
2022,PJ Dozier,DEN,SG,18,340.0,0.364,0.313,0.412,0.439,0.769
2023,Aaron Gordon,DEN,PF,68,2055.0,0.564,0.347,0.628,0.603,0.608
2024,Peyton Watson,DEN,SF,80,1488.0,0.465,0.296,0.553,0.516,0.67
2024,Tim Hardaway Jr.,DAL,SF,79,2120.0,0.402,0.353,0.478,0.51,0.852
2024,Jaden Hardy,DAL,SG,73,989.0,0.407,0.362,0.447,0.492,0.776
2021,Trey Burke,DAL,PG,62,911.0,0.428,0.354,0.492,0.51,0.895
2024,Markieff Morris,DAL,PF,26,216.0,0.338,0.357,0.308,0.449,0.833
2021,Willie Cauley-Stein,DAL,C,53,906.0,0.632,0.091,0.667,0.635,0.628
2020,Jalen Brunson,DAL,PG,57,1022.0,0.466,0.358,0.515,0.522,0.813
2024,Dereck Lively II,DAL,C,55,1294.0,0.747,0.0,0.752,0.747,0.506
2020,Ryan Broekhoff,DAL,SF,17,180.0,0.373,0.392,0.25,0.542,0.875
2024,A.J. Lawson,DAL,SG,42,311.0,0.446,0.26,0.577,0.5,0.652
2023,Josh Green,DAL,SG,60,1539.0,0.537,0.402,0.643,0.626,0.723
2023,Kemba Walker,DAL,PG,9,144.0,0.421,0.25,0.586,0.482,0.81
2022,Tim Hardaway Jr.,DAL,SG,42,1245.0,0.394,0.336,0.473,0.491,0.757
2024,Dwight Powell,DAL,C,63,836.0,0.679,0.333,0.689,0.684,0.708
2025,Dereck Lively II,DAL,C,36,833.0,0.702,,0.702,0.702,0.63
2020,Dwight Powell,DAL,C,40,1061.0,0.638,0.256,0.716,0.659,0.667
2021,Dorian Finney-Smith,DAL,PF,60,1921.0,0.472,0.394,0.616,0.6,0.756
2023,Christian Wood,DAL,C,67,1738.0,0.515,0.376,0.594,0.583,0.772
2021,Josh Green,DAL,SG,39,445.0,0.452,0.16,0.559,0.473,0.565
2022,Maxi Kleber,DAL,PF,59,1450.0,0.398,0.325,0.586,0.516,0.708
2021,Tim Hardaway Jr.,DAL,SG,70,1985.0,0.447,0.391,0.524,0.56,0.816
2023,Dwight Powell,DAL,C,76,1458.0,0.732,0.0,0.746,0.732,0.667
2023,Quenton Jackson,WAS,PG,9,135.0,0.452,0.083,0.6,0.464,0.773
